{"type": "software_result", "databases": {"ResFinder-2.0.1": {"type": "database", "database_name": "ResFinder", "database_version": "2.0.1", "key": "ResFinder-2.0.1", "database_commit": "83066961d86a577fa265a1dca58de581f2900894"}, "PointFinder-3.0.0": {"type": "database", "database_name": "PointFinder", "database_version": "3.0.0", "key": "PointFinder-3.0.0", "database_commit": "3556badd555bc1d76d533d54bc0c4f8843ecdd84"}}, "seq_regions": {"aac(6')-Iaa;;1;;NC_003197": {"type": "seq_region", "phenotypes": ["tobramycin", "amikacin"], "ref_database": ["ResFinder-2.0.1"], "gene": true, "ref_id": "aac(6')-Iaa_1_NC_003197", "name": "aac(6')-Iaa", "ref_acc": "NC_003197", "identity": 97.47126436781609, "alignment_length": 435, "ref_seq_lenght": 438, "ref_start_pos": 1, "ref_end_pos": 435, "query_id": "AL513382.1 Salmonella enterica subsp. enterica serovar Typhi str. CT18, complete chromosome", "query_start_pos": 1397901, "query_end_pos": 1398335, "pmids": ["11677609"], "notes": ["Chromosomal, Crytpic gene in Salmonella sp."], "coverage": 99.31506849315068, "key": "aac(6')-Iaa;;1;;NC_003197"}, "acrB;;1;;CP000026.1": {"type": "seq_region", "phenotypes": [], "ref_database": ["PointFinder-3.0.0"], "gene": true, "ref_id": "acrB_1_CP000026.1", "name": "acrB", "ref_acc": "CP000026.1", "identity": 99.23809523809524, "alignment_length": 3150, "ref_seq_lenght": 3150, "ref_start_pos": 1, "ref_end_pos": 3150, "query_id": "AL513382.1 Salmonella enterica subsp. enterica serovar Typhi str. CT18, complete chromosome", "query_start_pos": 522109, "query_end_pos": 525258, "pmids": [], "notes": [], "coverage": 100.0, "key": "acrB;;1;;CP000026.1"}, "pmrA;;1;;CP055130.1": {"type": "seq_region", "phenotypes": [], "ref_database": ["PointFinder-3.0.0"], "gene": true, "ref_id": "pmrA_1_CP055130.1", "name": "pmrA", "ref_acc": "CP055130.1", "identity": 98.80418535127056, "alignment_length": 669, "ref_seq_lenght": 669, "ref_start_pos": 1, "ref_end_pos": 669, "query_id": "AL513382.1 Salmonella enterica subsp. enterica serovar Typhi str. CT18, complete chromosome", "query_start_pos": 4378837, "query_end_pos": 4379505, "pmids": [], "notes": [], "coverage": 100.0, "key": "pmrA;;1;;CP055130.1"}, "pmrB;;1;;CP051284.1": {"type": "seq_region", "phenotypes": [], "ref_database": ["PointFinder-3.0.0"], "gene": true, "ref_id": "pmrB_1_CP051284.1", "name": "pmrB", "ref_acc": "CP051284.1", "identity": 98.69281045751634, "alignment_length": 1071, "ref_seq_lenght": 1071, "ref_start_pos": 1, "ref_end_pos": 1071, "query_id": "AL513382.1 Salmonella enterica subsp. enterica serovar Typhi str. CT18, complete chromosome", "query_start_pos": 4377757, "query_end_pos": 4378827, "pmids": [], "notes": [], "coverage": 100.0, "key": "pmrB;;1;;CP051284.1"}, "gyrA;;1;;MH933946.1": {"type": "seq_region", "phenotypes": [], "ref_database": ["PointFinder-3.0.0"], "gene": true, "ref_id": "gyrA_1_MH933946.1", "name": "gyrA", "ref_acc": "MH933946.1", "identity": 98.1039059537353, "alignment_length": 2637, "ref_seq_lenght": 2637, "ref_start_pos": 1, "ref_end_pos": 2637, "query_id": "AL513382.1 Salmonella enterica subsp. enterica serovar Typhi str. CT18, complete chromosome", "query_start_pos": 2331373, "query_end_pos": 2334009, "pmids": [], "notes": [], "coverage": 100.0, "key": "gyrA;;1;;MH933946.1"}, "gyrB;;1;;CP050716.1": {"type": "seq_region", "phenotypes": [], "ref_database": ["PointFinder-3.0.0"], "gene": true, "ref_id": "gyrB_1_CP050716.1", "name": "gyrB", "ref_acc": "CP050716.1", "identity": 98.21946169772256, "alignment_length": 2415, "ref_seq_lenght": 2415, "ref_start_pos": 1, "ref_end_pos": 2415, "query_id": "AL513382.1 Salmonella enterica subsp. enterica serovar Typhi str. CT18, complete chromosome", "query_start_pos": 3808932, "query_end_pos": 3811346, "pmids": [], "notes": [], "coverage": 100.0, "key": "gyrB;;1;;CP050716.1"}, "parC;;1;;CP050716.1": {"type": "seq_region", "phenotypes": [], "ref_database": ["PointFinder-3.0.0"], "gene": true, "ref_id": "parC_1_CP050716.1", "name": "parC", "ref_acc": "CP050716.1", "identity": 99.24745462594068, "alignment_length": 2259, "ref_seq_lenght": 2259, "ref_start_pos": 1, "ref_end_pos": 2259, "query_id": "AL513382.1 Salmonella enterica subsp. enterica serovar Typhi str. CT18, complete chromosome", "query_start_pos": 3194450, "query_end_pos": 3196708, "pmids": [], "notes": [], "coverage": 100.0, "key": "parC;;1;;CP050716.1"}, "parE;;1;;CP050716.1": {"type": "seq_region", "phenotypes": [], "ref_database": ["PointFinder-3.0.0"], "gene": true, "ref_id": "parE_1_CP050716.1", "name": "parE", "ref_acc": "CP050716.1", "identity": 99.3660855784469, "alignment_length": 1893, "ref_seq_lenght": 1893, "ref_start_pos": 1, "ref_end_pos": 1893, "query_id": "AL513382.1 Salmonella enterica subsp. enterica serovar Typhi str. CT18, complete chromosome", "query_start_pos": 3201464, "query_end_pos": 3203356, "pmids": [], "notes": [], "coverage": 100.0, "key": "parE;;1;;CP050716.1"}, "16S-rrsD;;1;;CP049983.1": {"type": "seq_region", "phenotypes": [], "ref_database": ["PointFinder-3.0.0"], "gene": true, "ref_id": "16S-rrsD_1_CP049983.1", "name": "16S-rrsD", "ref_acc": "CP049983.1", "identity": 99.6761658031088, "alignment_length": 1544, "ref_seq_lenght": 1544, "ref_start_pos": 1, "ref_end_pos": 1544, "query_id": "AL513382.1 Salmonella enterica subsp. enterica serovar Typhi str. CT18, complete chromosome", "query_start_pos": 3747525, "query_end_pos": 3749068, "pmids": [], "notes": [], "coverage": 100.0, "key": "16S-rrsD;;1;;CP049983.1"}, "16S-rrsD;;1;;CP049983.1;;rdkk": {"type": "seq_region", "phenotypes": [], "ref_database": ["PointFinder-3.0.0"], "gene": true, "ref_id": "16S-rrsD_1_CP049983.1", "name": "16S-rrsD", "ref_acc": "CP049983.1", "identity": 99.6761658031088, "alignment_length": 1544, "ref_seq_lenght": 1544, "ref_start_pos": 1, "ref_end_pos": 1544, "query_id": "AL513382.1 Salmonella enterica subsp. enterica serovar Typhi str. CT18, complete chromosome", "query_start_pos": 3598524, "query_end_pos": 3600067, "pmids": [], "notes": [], "coverage": 100.0, "key": "16S-rrsD;;1;;CP049983.1;;rdkk"}, "16S-rrsD;;1;;CP049983.1;;kmqu": {"type": "seq_region", "phenotypes": [], "ref_database": ["PointFinder-3.0.0"], "gene": true, "ref_id": "16S-rrsD_1_CP049983.1", "name": "16S-rrsD", "ref_acc": "CP049983.1", "identity": 99.61139896373057, "alignment_length": 1544, "ref_seq_lenght": 1544, "ref_start_pos": 1, "ref_end_pos": 1544, "query_id": "AL513382.1 Salmonella enterica subsp. enterica serovar Typhi str. CT18, complete chromosome", "query_start_pos": 287480, "query_end_pos": 289023, "pmids": [], "notes": [], "coverage": 100.0, "key": "16S-rrsD;;1;;CP049983.1;;kmqu"}, "16S-rrsD;;1;;CP049983.1;;oulm": {"type": "seq_region", "phenotypes": [], "ref_database": ["PointFinder-3.0.0"], "gene": true, "ref_id": "16S-rrsD_1_CP049983.1", "name": "16S-rrsD", "ref_acc": "CP049983.1", "identity": 99.61139896373057, "alignment_length": 1544, "ref_seq_lenght": 1544, "ref_start_pos": 1, "ref_end_pos": 1544, "query_id": "AL513382.1 Salmonella enterica subsp. enterica serovar Typhi str. CT18, complete chromosome", "query_start_pos": 3421897, "query_end_pos": 3423440, "pmids": [], "notes": [], "coverage": 100.0, "key": "16S-rrsD;;1;;CP049983.1;;oulm"}, "16S-rrsD;;1;;CP049983.1;;bogo": {"type": "seq_region", "phenotypes": [], "ref_database": ["PointFinder-3.0.0"], "gene": true, "ref_id": "16S-rrsD_1_CP049983.1", "name": "16S-rrsD", "ref_acc": "CP049983.1", "identity": 99.61139896373057, "alignment_length": 1544, "ref_seq_lenght": 1544, "ref_start_pos": 1, "ref_end_pos": 1544, "query_id": "AL513382.1 Salmonella enterica subsp. enterica serovar Typhi str. CT18, complete chromosome", "query_start_pos": 2715996, "query_end_pos": 2717539, "pmids": [], "notes": [], "coverage": 100.0, "key": "16S-rrsD;;1;;CP049983.1;;bogo"}, "16S-rrsD;;1;;CP049983.1;;mtex": {"type": "seq_region", "phenotypes": [], "ref_database": ["PointFinder-3.0.0"], "gene": true, "ref_id": "16S-rrsD_1_CP049983.1", "name": "16S-rrsD", "ref_acc": "CP049983.1", "identity": 99.61139896373057, "alignment_length": 1544, "ref_seq_lenght": 1544, "ref_start_pos": 1, "ref_end_pos": 1544, "query_id": "AL513382.1 Salmonella enterica subsp. enterica serovar Typhi str. CT18, complete chromosome", "query_start_pos": 4257493, "query_end_pos": 4259036, "pmids": [], "notes": [], "coverage": 100.0, "key": "16S-rrsD;;1;;CP049983.1;;mtex"}, "16S-rrsD;;1;;CP049983.1;;nese": {"type": "seq_region", "phenotypes": [], "ref_database": ["PointFinder-3.0.0"], "gene": true, "ref_id": "16S-rrsD_1_CP049983.1", "name": "16S-rrsD", "ref_acc": "CP049983.1", "identity": 99.54692556634305, "alignment_length": 1545, "ref_seq_lenght": 1544, "ref_start_pos": 1, "ref_end_pos": 1544, "query_id": "AL513382.1 Salmonella enterica subsp. enterica serovar Typhi str. CT18, complete chromosome", "query_start_pos": 3556308, "query_end_pos": 3557852, "pmids": [], "notes": [], "coverage": 100.0, "key": "16S-rrsD;;1;;CP049983.1;;nese"}}, "seq_variations": {}, "phenotypes": {"gentamicin": {"type": "phenotype", "amr_classes": ["aminoglycoside"], "seq_regions": [], "seq_variations": [], "ref_database": [], "category": "amr", "key": "gentamicin", "amr_resistance": "gentamicin", "amr_resistant": false, "amr_species_relevant": true}, "tobramycin": {"type": "phenotype", "amr_classes": ["aminoglycoside"], "seq_regions": ["aac(6')-Iaa;;1;;NC_003197"], "seq_variations": [], "ref_database": ["ResFinder-2.0.1"], "category": "amr", "key": "tobramycin", "amr_resistance": "tobramycin", "amr_resistant": true, "amr_species_relevant": true}, "streptomycin": {"type": "phenotype", "amr_classes": ["aminoglycoside"], "seq_regions": [], "seq_variations": [], "ref_database": [], "category": "amr", "key": "streptomycin", "amr_resistance": "streptomycin", "amr_resistant": false, "amr_species_relevant": false}, "amikacin": {"type": "phenotype", "amr_classes": ["aminoglycoside"], "seq_regions": ["aac(6')-Iaa;;1;;NC_003197"], "seq_variations": [], "ref_database": ["ResFinder-2.0.1"], "category": "amr", "key": "amikacin", "amr_resistance": "amikacin", "amr_resistant": true, "amr_species_relevant": true}, "isepamicin": {"type": "phenotype", "amr_classes": ["aminoglycoside"], "seq_regions": [], "seq_variations": [], "ref_database": [], "category": "amr", "key": "isepamicin", "amr_resistance": "isepamicin", "amr_resistant": false, "amr_species_relevant": false}, "dibekacin": {"type": "phenotype", "amr_classes": ["aminoglycoside"], "seq_regions": [], "seq_variations": [], "ref_database": [], "category": "amr", "key": "dibekacin", "amr_resistance": "dibekacin", "amr_resistant": false, "amr_species_relevant": false}, "kanamycin": {"type": "phenotype", "amr_classes": ["aminoglycoside"], "seq_regions": [], "seq_variations": [], "ref_database": [], "category": "amr", "key": "kanamycin", "amr_resistance": "kanamycin", "amr_resistant": false, "amr_species_relevant": false}, "neomycin": {"type": "phenotype", "amr_classes": ["aminoglycoside"], "seq_regions": [], "seq_variations": [], "ref_database": [], "category": "amr", "key": "neomycin", "amr_resistance": "neomycin", "amr_resistant": false, "amr_species_relevant": false}, "lividomycin": {"type": "phenotype", "amr_classes": ["aminoglycoside"], "seq_regions": [], "seq_variations": [], "ref_database": [], "category": "amr", "key": "lividomycin", "amr_resistance": "lividomycin", "amr_resistant": false, "amr_species_relevant": false}, "paromomycin": {"type": "phenotype", "amr_classes": ["aminoglycoside"], "seq_regions": [], "seq_variations": [], "ref_database": [], "category": "amr", "key": "paromomycin", "amr_resistance": "paromomycin", "amr_resistant": false, "amr_species_relevant": false}, "ribostamycin": {"type": "phenotype", "amr_classes": ["aminoglycoside"], "seq_regions": [], "seq_variations": [], "ref_database": [], "category": "amr", "key": "ribostamycin", "amr_resistance": "ribostamycin", "amr_resistant": false, "amr_species_relevant": false}, "unknown aminoglycoside": {"type": "phenotype", "amr_classes": ["aminoglycoside"], "seq_regions": [], "seq_variations": [], "ref_database": [], "category": "amr", "key": "unknown aminoglycoside", "amr_resistance": "unknown aminoglycoside", "amr_resistant": false, "amr_species_relevant": false}, "butiromycin": {"type": "phenotype", "amr_classes": ["aminoglycoside"], "seq_regions": [], "seq_variations": [], "ref_database": [], "category": "amr", "key": "butiromycin", "amr_resistance": "butiromycin", "amr_resistant": false, "amr_species_relevant": false}, "butirosin": {"type": "phenotype", "amr_classes": ["aminoglycoside"], "seq_regions": [], "seq_variations": [], "ref_database": [], "category": "amr", "key": "butirosin", "amr_resistance": "butirosin", "amr_resistant": false, "amr_species_relevant": false}, "hygromycin": {"type": "phenotype", "amr_classes": ["aminoglycoside"], "seq_regions": [], "seq_variations": [], "ref_database": [], "category": "amr", "key": "hygromycin", "amr_resistance": "hygromycin", "amr_resistant": false, "amr_species_relevant": false}, "netilmicin": {"type": "phenotype", "amr_classes": ["aminoglycoside"], "seq_regions": [], "seq_variations": [], "ref_database": [], "category": "amr", "key": "netilmicin", "amr_resistance": "netilmicin", "amr_resistant": false, "amr_species_relevant": false}, "apramycin": {"type": "phenotype", "amr_classes": ["aminoglycoside"], "seq_regions": [], "seq_variations": [], "ref_database": [], "category": "amr", "key": "apramycin", "amr_resistance": "apramycin", "amr_resistant": false, "amr_species_relevant": false}, "sisomicin": {"type": "phenotype", "amr_classes": ["aminoglycoside"], "seq_regions": [], "seq_variations": [], "ref_database": [], "category": "amr", "key": "sisomicin", "amr_resistance": "sisomicin", "amr_resistant": false, "amr_species_relevant": false}, "arbekacin": {"type": "phenotype", "amr_classes": ["aminoglycoside"], "seq_regions": [], "seq_variations": [], "ref_database": [], "category": "amr", "key": "arbekacin", "amr_resistance": "arbekacin", "amr_resistant": false, "amr_species_relevant": false}, "kasugamycin": {"type": "phenotype", "amr_classes": ["aminoglycoside"], "seq_regions": [], "seq_variations": [], "ref_database": [], "category": "amr", "key": "kasugamycin", "amr_resistance": "kasugamycin", "amr_resistant": false, "amr_species_relevant": false}, "astromicin": {"type": "phenotype", "amr_classes": ["aminoglycoside"], "seq_regions": [], "seq_variations": [], "ref_database": [], "category": "amr", "key": "astromicin", "amr_resistance": "astromicin", "amr_resistant": false, "amr_species_relevant": false}, "fortimicin": {"type": "phenotype", "amr_classes": ["aminoglycoside"], "seq_regions": [], "seq_variations": [], "ref_database": [], "category": "amr", "key": "fortimicin", "amr_resistance": "fortimicin", "amr_resistant": false, "amr_species_relevant": false}, "spectinomycin": {"type": "phenotype", "amr_classes": ["aminocyclitol"], "seq_regions": [], "seq_variations": [], "ref_database": [], "category": "amr", "key": "spectinomycin", "amr_resistance": "spectinomycin", "amr_resistant": false, "amr_species_relevant": false}, "fluoroquinolone": {"type": "phenotype", "amr_classes": ["quinolone"], "seq_regions": [], "seq_variations": [], "ref_database": [], "category": "amr", "key": "fluoroquinolone", "amr_resistance": "fluoroquinolone", "amr_resistant": false, "amr_species_relevant": false}, "ciprofloxacin": {"type": "phenotype", "amr_classes": ["quinolone"], "seq_regions": [], "seq_variations": [], "ref_database": [], "category": "amr", "key": "ciprofloxacin", "amr_resistance": "ciprofloxacin", "amr_resistant": false, "amr_species_relevant": true}, "unknown quinolone": {"type": "phenotype", "amr_classes": ["quinolone"], "seq_regions": [], "seq_variations": [], "ref_database": [], "category": "amr", "key": "unknown quinolone", "amr_resistance": "unknown quinolone", "amr_resistant": false, "amr_species_relevant": false}, "nalidixic acid": {"type": "phenotype", "amr_classes": ["quinolone"], "seq_regions": [], "seq_variations": [], "ref_database": [], "category": "amr", "key": "nalidixic acid", "amr_resistance": "nalidixic acid", "amr_resistant": false, "amr_species_relevant": true}, "amoxicillin": {"type": "phenotype", "amr_classes": ["beta-lactam"], "seq_regions": [], "seq_variations": [], "ref_database": [], "category": "amr", "key": "amoxicillin", "amr_resistance": "amoxicillin", "amr_resistant": false, "amr_species_relevant": false}, "amoxicillin+clavulanic acid": {"type": "phenotype", "amr_classes": ["beta-lactam"], "seq_regions": [], "seq_variations": [], "ref_database": [], "category": "amr", "key": "amoxicillin+clavulanic acid", "amr_resistance": "amoxicillin+clavulanic acid", "amr_resistant": false, "amr_species_relevant": false}, "ampicillin": {"type": "phenotype", "amr_classes": ["beta-lactam"], "seq_regions": [], "seq_variations": [], "ref_database": [], "category": "amr", "key": "ampicillin", "amr_resistance": "ampicillin", "amr_resistant": false, "amr_species_relevant": true}, "ampicillin+clavulanic acid": {"type": "phenotype", "amr_classes": ["beta-lactam"], "seq_regions": [], "seq_variations": [], "ref_database": [], "category": "amr", "key": "ampicillin+clavulanic acid", "amr_resistance": "ampicillin+clavulanic acid", "amr_resistant": false, "amr_species_relevant": true}, "cefepime": {"type": "phenotype", "amr_classes": ["beta-lactam"], "seq_regions": [], "seq_variations": [], "ref_database": [], "category": "amr", "key": "cefepime", "amr_resistance": "cefepime", "amr_resistant": false, "amr_species_relevant": true}, "cefixime": {"type": "phenotype", "amr_classes": ["beta-lactam"], "seq_regions": [], "seq_variations": [], "ref_database": [], "category": "amr", "key": "cefixime", "amr_resistance": "cefixime", "amr_resistant": false, "amr_species_relevant": false}, "cefotaxime": {"type": "phenotype", "amr_classes": ["beta-lactam"], "seq_regions": [], "seq_variations": [], "ref_database": [], "category": "amr", "key": "cefotaxime", "amr_resistance": "cefotaxime", "amr_resistant": false, "amr_species_relevant": true}, "cefoxitin": {"type": "phenotype", "amr_classes": ["beta-lactam"], "seq_regions": [], "seq_variations": [], "ref_database": [], "category": "amr", "key": "cefoxitin", "amr_resistance": "cefoxitin", "amr_resistant": false, "amr_species_relevant": true}, "ceftazidime": {"type": "phenotype", "amr_classes": ["beta-lactam"], "seq_regions": [], "seq_variations": [], "ref_database": [], "category": "amr", "key": "ceftazidime", "amr_resistance": "ceftazidime", "amr_resistant": false, "amr_species_relevant": true}, "ertapenem": {"type": "phenotype", "amr_classes": ["beta-lactam"], "seq_regions": [], "seq_variations": [], "ref_database": [], "category": "amr", "key": "ertapenem", "amr_resistance": "ertapenem", "amr_resistant": false, "amr_species_relevant": true}, "imipenem": {"type": "phenotype", "amr_classes": ["beta-lactam"], "seq_regions": [], "seq_variations": [], "ref_database": [], "category": "amr", "key": "imipenem", "amr_resistance": "imipenem", "amr_resistant": false, "amr_species_relevant": true}, "meropenem": {"type": "phenotype", "amr_classes": ["beta-lactam"], "seq_regions": [], "seq_variations": [], "ref_database": [], "category": "amr", "key": "meropenem", "amr_resistance": "meropenem", "amr_resistant": false, "amr_species_relevant": true}, "piperacillin": {"type": "phenotype", "amr_classes": ["beta-lactam"], "seq_regions": [], "seq_variations": [], "ref_database": [], "category": "amr", "key": "piperacillin", "amr_resistance": "piperacillin", "amr_resistant": false, "amr_species_relevant": false}, "piperacillin+tazobactam": {"type": "phenotype", "amr_classes": ["beta-lactam"], "seq_regions": [], "seq_variations": [], "ref_database": [], "category": "amr", "key": "piperacillin+tazobactam", "amr_resistance": "piperacillin+tazobactam", "amr_resistant": false, "amr_species_relevant": false}, "unknown beta-lactam": {"type": "phenotype", "amr_classes": ["beta-lactam"], "seq_regions": [], "seq_variations": [], "ref_database": [], "category": "amr", "key": "unknown beta-lactam", "amr_resistance": "unknown beta-lactam", "amr_resistant": false, "amr_species_relevant": false}, "aztreonam": {"type": "phenotype", "amr_classes": ["beta-lactam"], "seq_regions": [], "seq_variations": [], "ref_database": [], "category": "amr", "key": "aztreonam", "amr_resistance": "aztreonam", "amr_resistant": false, "amr_species_relevant": false}, "cefotaxime+clavulanic acid": {"type": "phenotype", "amr_classes": ["beta-lactam"], "seq_regions": [], "seq_variations": [], "ref_database": [], "category": "amr", "key": "cefotaxime+clavulanic acid", "amr_resistance": "cefotaxime+clavulanic acid", "amr_resistant": false, "amr_species_relevant": false}, "temocillin": {"type": "phenotype", "amr_classes": ["beta-lactam"], "seq_regions": [], "seq_variations": [], "ref_database": [], "category": "amr", "key": "temocillin", "amr_resistance": "temocillin", "amr_resistant": false, "amr_species_relevant": true}, "ticarcillin": {"type": "phenotype", "amr_classes": ["beta-lactam"], "seq_regions": [], "seq_variations": [], "ref_database": [], "category": "amr", "key": "ticarcillin", "amr_resistance": "ticarcillin", "amr_resistant": false, "amr_species_relevant": false}, "ceftazidime+avibactam": {"type": "phenotype", "amr_classes": ["beta-lactam"], "seq_regions": [], "seq_variations": [], "ref_database": [], "category": "amr", "key": "ceftazidime+avibactam", "amr_resistance": "ceftazidime+avibactam", "amr_resistant": false, "amr_species_relevant": false}, "penicillin": {"type": "phenotype", "amr_classes": ["beta-lactam"], "seq_regions": [], "seq_variations": [], "ref_database": [], "category": "amr", "key": "penicillin", "amr_resistance": "penicillin", "amr_resistant": false, "amr_species_relevant": false}, "ceftriaxone": {"type": "phenotype", "amr_classes": ["beta-lactam"], "seq_regions": [], "seq_variations": [], "ref_database": [], "category": "amr", "key": "ceftriaxone", "amr_resistance": "ceftriaxone", "amr_resistant": false, "amr_species_relevant": false}, "ticarcillin+clavulanic acid": {"type": "phenotype", "amr_classes": ["beta-lactam"], "seq_regions": [], "seq_variations": [], "ref_database": [], "category": "amr", "key": "ticarcillin+clavulanic acid", "amr_resistance": "ticarcillin+clavulanic acid", "amr_resistant": false, "amr_species_relevant": false}, "cephalothin": {"type": "phenotype", "amr_classes": ["beta-lactam"], "seq_regions": [], "seq_variations": [], "ref_database": [], "category": "amr", "key": "cephalothin", "amr_resistance": "cephalothin", "amr_resistant": false, "amr_species_relevant": false}, "cephalotin": {"type": "phenotype", "amr_classes": ["beta-lactam"], "seq_regions": [], "seq_variations": [], "ref_database": [], "category": "amr", "key": "cephalotin", "amr_resistance": "cephalotin", "amr_resistant": false, "amr_species_relevant": false}, "piperacillin+clavulanic acid": {"type": "phenotype", "amr_classes": ["beta-lactam"], "seq_regions": [], "seq_variations": [], "ref_database": [], "category": "amr", "key": "piperacillin+clavulanic acid", "amr_resistance": "piperacillin+clavulanic acid", "amr_resistant": false, "amr_species_relevant": false}, "ceftiofur": {"type": "phenotype", "amr_classes": ["under_development"], "seq_regions": [], "seq_variations": [], "ref_database": [], "category": "amr", "key": "ceftiofur", "amr_resistance": "ceftiofur", "amr_resistant": false, "amr_species_relevant": false}, "sulfamethoxazole": {"type": "phenotype", "amr_classes": ["folate pathway antagonist"], "seq_regions": [], "seq_variations": [], "ref_database": [], "category": "amr", "key": "sulfamethoxazole", "amr_resistance": "sulfamethoxazole", "amr_resistant": false, "amr_species_relevant": true}, "trimethoprim": {"type": "phenotype", "amr_classes": ["folate pathway antagonist"], "seq_regions": [], "seq_variations": [], "ref_database": [], "category": "amr", "key": "trimethoprim", "amr_resistance": "trimethoprim", "amr_resistant": false, "amr_species_relevant": true}, "fosfomycin": {"type": "phenotype", "amr_classes": ["fosfomycin"], "seq_regions": [], "seq_variations": [], "ref_database": [], "category": "amr", "key": "fosfomycin", "amr_resistance": "fosfomycin", "amr_resistant": false, "amr_species_relevant": false}, "vancomycin": {"type": "phenotype", "amr_classes": ["glycopeptide"], "seq_regions": [], "seq_variations": [], "ref_database": [], "category": "amr", "key": "vancomycin", "amr_resistance": "vancomycin", "amr_resistant": false, "amr_species_relevant": false}, "teicoplanin": {"type": "phenotype", "amr_classes": ["glycopeptide"], "seq_regions": [], "seq_variations": [], "ref_database": [], "category": "amr", "key": "teicoplanin", "amr_resistance": "teicoplanin", "amr_resistant": false, "amr_species_relevant": false}, "bleomycin": {"type": "phenotype", "amr_classes": ["glycopeptide"], "seq_regions": [], "seq_variations": [], "ref_database": [], "category": "amr", "key": "bleomycin", "amr_resistance": "bleomycin", "amr_resistant": false, "amr_species_relevant": false}, "lincomycin": {"type": "phenotype", "amr_classes": ["lincosamide"], "seq_regions": [], "seq_variations": [], "ref_database": [], "category": "amr", "key": "lincomycin", "amr_resistance": "lincomycin", "amr_resistant": false, "amr_species_relevant": false}, "clindamycin": {"type": "phenotype", "amr_classes": ["lincosamide"], "seq_regions": [], "seq_variations": [], "ref_database": [], "category": "amr", "key": "clindamycin", "amr_resistance": "clindamycin", "amr_resistant": false, "amr_species_relevant": false}, "dalfopristin": {"type": "phenotype", "amr_classes": ["streptogramin a"], "seq_regions": [], "seq_variations": [], "ref_database": [], "category": "amr", "key": "dalfopristin", "amr_resistance": "dalfopristin", "amr_resistant": false, "amr_species_relevant": false}, "pristinamycin iia": {"type": "phenotype", "amr_classes": ["streptogramin a"], "seq_regions": [], "seq_variations": [], "ref_database": [], "category": "amr", "key": "pristinamycin iia", "amr_resistance": "pristinamycin iia", "amr_resistant": false, "amr_species_relevant": false}, "virginiamycin m": {"type": "phenotype", "amr_classes": ["streptogramin a"], "seq_regions": [], "seq_variations": [], "ref_database": [], "category": "amr", "key": "virginiamycin m", "amr_resistance": "virginiamycin m", "amr_resistant": false, "amr_species_relevant": false}, "quinupristin+dalfopristin": {"type": "phenotype", "amr_classes": ["streptogramin a"], "seq_regions": [], "seq_variations": [], "ref_database": [], "category": "amr", "key": "quinupristin+dalfopristin", "amr_resistance": "quinupristin+dalfopristin", "amr_resistant": false, "amr_species_relevant": false}, "tiamulin": {"type": "phenotype", "amr_classes": ["pleuromutilin"], "seq_regions": [], "seq_variations": [], "ref_database": [], "category": "amr", "key": "tiamulin", "amr_resistance": "tiamulin", "amr_resistant": false, "amr_species_relevant": false}, "carbomycin": {"type": "phenotype", "amr_classes": ["macrolide"], "seq_regions": [], "seq_variations": [], "ref_database": [], "category": "amr", "key": "carbomycin", "amr_resistance": "carbomycin", "amr_resistant": false, "amr_species_relevant": false}, "erythromycin": {"type": "phenotype", "amr_classes": ["macrolide"], "seq_regions": [], "seq_variations": [], "ref_database": [], "category": "amr", "key": "erythromycin", "amr_resistance": "erythromycin", "amr_resistant": false, "amr_species_relevant": false}, "azithromycin": {"type": "phenotype", "amr_classes": ["macrolide"], "seq_regions": [], "seq_variations": [], "ref_database": [], "category": "amr", "key": "azithromycin", "amr_resistance": "azithromycin", "amr_resistant": false, "amr_species_relevant": true}, "oleandomycin": {"type": "phenotype", "amr_classes": ["macrolide"], "seq_regions": [], "seq_variations": [], "ref_database": [], "category": "amr", "key": "oleandomycin", "amr_resistance": "oleandomycin", "amr_resistant": false, "amr_species_relevant": false}, "spiramycin": {"type": "phenotype", "amr_classes": ["macrolide"], "seq_regions": [], "seq_variations": [], "ref_database": [], "category": "amr", "key": "spiramycin", "amr_resistance": "spiramycin", "amr_resistant": false, "amr_species_relevant": false}, "tylosin": {"type": "phenotype", "amr_classes": ["macrolide"], "seq_regions": [], "seq_variations": [], "ref_database": [], "category": "amr", "key": "tylosin", "amr_resistance": "tylosin", "amr_resistant": false, "amr_species_relevant": false}, "telithromycin": {"type": "phenotype", "amr_classes": ["macrolide"], "seq_regions": [], "seq_variations": [], "ref_database": [], "category": "amr", "key": "telithromycin", "amr_resistance": "telithromycin", "amr_resistant": false, "amr_species_relevant": false}, "tetracycline": {"type": "phenotype", "amr_classes": ["tetracycline"], "seq_regions": [], "seq_variations": [], "ref_database": [], "category": "amr", "key": "tetracycline", "amr_resistance": "tetracycline", "amr_resistant": false, "amr_species_relevant": true}, "doxycycline": {"type": "phenotype", "amr_classes": ["tetracycline"], "seq_regions": [], "seq_variations": [], "ref_database": [], "category": "amr", "key": "doxycycline", "amr_resistance": "doxycycline", "amr_resistant": false, "amr_species_relevant": false}, "minocycline": {"type": "phenotype", "amr_classes": ["tetracycline"], "seq_regions": [], "seq_variations": [], "ref_database": [], "category": "amr", "key": "minocycline", "amr_resistance": "minocycline", "amr_resistant": false, "amr_species_relevant": false}, "tigecycline": {"type": "phenotype", "amr_classes": ["tetracycline"], "seq_regions": [], "seq_variations": [], "ref_database": [], "category": "amr", "key": "tigecycline", "amr_resistance": "tigecycline", "amr_resistant": false, "amr_species_relevant": true}, "quinupristin": {"type": "phenotype", "amr_classes": ["streptogramin b"], "seq_regions": [], "seq_variations": [], "ref_database": [], "category": "amr", "key": "quinupristin", "amr_resistance": "quinupristin", "amr_resistant": false, "amr_species_relevant": false}, "pristinamycin ia": {"type": "phenotype", "amr_classes": ["streptogramin b"], "seq_regions": [], "seq_variations": [], "ref_database": [], "category": "amr", "key": "pristinamycin ia", "amr_resistance": "pristinamycin ia", "amr_resistant": false, "amr_species_relevant": false}, "virginiamycin s": {"type": "phenotype", "amr_classes": ["streptogramin b"], "seq_regions": [], "seq_variations": [], "ref_database": [], "category": "amr", "key": "virginiamycin s", "amr_resistance": "virginiamycin s", "amr_resistant": false, "amr_species_relevant": false}, "linezolid": {"type": "phenotype", "amr_classes": ["oxazolidinone"], "seq_regions": [], "seq_variations": [], "ref_database": [], "category": "amr", "key": "linezolid", "amr_resistance": "linezolid", "amr_resistant": false, "amr_species_relevant": false}, "chloramphenicol": {"type": "phenotype", "amr_classes": ["amphenicol"], "seq_regions": [], "seq_variations": [], "ref_database": [], "category": "amr", "key": "chloramphenicol", "amr_resistance": "chloramphenicol", "amr_resistant": false, "amr_species_relevant": true}, "florfenicol": {"type": "phenotype", "amr_classes": ["amphenicol"], "seq_regions": [], "seq_variations": [], "ref_database": [], "category": "amr", "key": "florfenicol", "amr_resistance": "florfenicol", "amr_resistant": false, "amr_species_relevant": false}, "colistin": {"type": "phenotype", "amr_classes": ["polymyxin"], "seq_regions": [], "seq_variations": [], "ref_database": [], "category": "amr", "key": "colistin", "amr_resistance": "colistin", "amr_resistant": false, "amr_species_relevant": true}, "fusidic acid": {"type": "phenotype", "amr_classes": ["steroid antibacterial"], "seq_regions": [], "seq_variations": [], "ref_database": [], "category": "amr", "key": "fusidic acid", "amr_resistance": "fusidic acid", "amr_resistant": false, "amr_species_relevant": false}, "mupirocin": {"type": "phenotype", "amr_classes": ["pseudomonic acid"], "seq_regions": [], "seq_variations": [], "ref_database": [], "category": "amr", "key": "mupirocin", "amr_resistance": "mupirocin", "amr_resistant": false, "amr_species_relevant": false}, "rifampicin": {"type": "phenotype", "amr_classes": ["rifamycin"], "seq_regions": [], "seq_variations": [], "ref_database": [], "category": "amr", "key": "rifampicin", "amr_resistance": "rifampicin", "amr_resistant": false, "amr_species_relevant": false}, "metronidazole": {"type": "phenotype", "amr_classes": ["nitroimidazole"], "seq_regions": [], "seq_variations": [], "ref_database": [], "category": "amr", "key": "metronidazole", "amr_resistance": "metronidazole", "amr_resistant": false, "amr_species_relevant": false}, "narasin": {"type": "phenotype", "amr_classes": ["ionophores"], "seq_regions": [], "seq_variations": [], "ref_database": [], "category": "amr", "key": "narasin", "amr_resistance": "narasin", "amr_resistant": false, "amr_species_relevant": false}, "salinomycin": {"type": "phenotype", "amr_classes": ["ionophores"], "seq_regions": [], "seq_variations": [], "ref_database": [], "category": "amr", "key": "salinomycin", "amr_resistance": "salinomycin", "amr_resistant": false, "amr_species_relevant": false}, "maduramicin": {"type": "phenotype", "amr_classes": ["ionophores"], "seq_regions": [], "seq_variations": [], "ref_database": [], "category": "amr", "key": "maduramicin", "amr_resistance": "maduramicin", "amr_resistant": false, "amr_species_relevant": false}}, "software_executions": {}, "aln_hits": {}, "software_name": "ResFinder", "software_version": "4.2.4", "software_commit": "unknown", "run_date": "2023-01-18", "key": "ResFinder-4.2.4", "provided_species": "salmonella enterica", "result_summary": "TOB_AMI"}