{"type": "software_result", "databases": {"ResFinder-2.0.1": {"type": "database", "database_name": "ResFinder", "database_version": "2.0.1", "key": "ResFinder-2.0.1", "database_commit": "83066961d86a577fa265a1dca58de581f2900894"}, "PointFinder-3.0.0": {"type": "database", "database_name": "PointFinder", "database_version": "3.0.0", "key": "PointFinder-3.0.0", "database_commit": "3556badd555bc1d76d533d54bc0c4f8843ecdd84"}}, "seq_regions": {"blaZ;;138;;CP003979": {"type": "seq_region", "phenotypes": ["amoxicillin", "ampicillin", "piperacillin", "penicillin"], "ref_database": ["ResFinder-2.0.1"], "gene": true, "ref_id": "blaZ_138_CP003979", "name": "blaZ", "ref_acc": "CP003979", "identity": 96.17, "alignment_length": 854, "ref_seq_lenght": 888, "depth": 9.17, "ref_start_pos": 1, "ref_end_pos": 855, "pmids": ["23977354"], "notes": ["Class A"], "coverage": 96.17, "key": "blaZ;;138;;CP003979"}, "23S;;1;;AP024511.1": {"type": "seq_region", "phenotypes": [], "ref_database": ["PointFinder-3.0.0"], "gene": true, "ref_id": "23S_1_AP024511.1", "name": "23S", "ref_acc": "AP024511.1", "identity": 100.0, "alignment_length": 2923, "ref_seq_lenght": 2923, "depth": 945.92, "ref_start_pos": 1, "ref_end_pos": 2924, "pmids": [], "notes": [], "coverage": 100.0, "key": "23S;;1;;AP024511.1"}, "dfrB;;1;;CP043920.1": {"type": "seq_region", "phenotypes": [], "ref_database": ["PointFinder-3.0.0"], "gene": true, "ref_id": "dfrB_1_CP043920.1", "name": "dfrB", "ref_acc": "CP043920.1", "identity": 98.12, "alignment_length": 480, "ref_seq_lenght": 480, "depth": 45.07, "ref_start_pos": 1, "ref_end_pos": 481, "pmids": [], "notes": [], "coverage": 100.0, "key": "dfrB;;1;;CP043920.1"}, "fusA;;1;;CP053353.1": {"type": "seq_region", "phenotypes": [], "ref_database": ["PointFinder-3.0.0"], "gene": true, "ref_id": "fusA_1_CP053353.1", "name": "fusA", "ref_acc": "CP053353.1", "identity": 99.9, "alignment_length": 2082, "ref_seq_lenght": 2082, "depth": 165.2, "ref_start_pos": 1, "ref_end_pos": 2083, "pmids": [], "notes": [], "coverage": 100.0, "key": "fusA;;1;;CP053353.1"}, "grlA;;1;;CP026964.1": {"type": "seq_region", "phenotypes": [], "ref_database": ["PointFinder-3.0.0"], "gene": true, "ref_id": "grlA_1_CP026964.1", "name": "grlA", "ref_acc": "CP026964.1", "identity": 99.54, "alignment_length": 2403, "ref_seq_lenght": 2403, "depth": 49.92, "ref_start_pos": 1, "ref_end_pos": 2404, "pmids": [], "notes": [], "coverage": 100.0, "key": "grlA;;1;;CP026964.1"}, "grlB;;1;;CP026964.1": {"type": "seq_region", "phenotypes": [], "ref_database": ["PointFinder-3.0.0"], "gene": true, "ref_id": "grlB_1_CP026964.1", "name": "grlB", "ref_acc": "CP026964.1", "identity": 99.65, "alignment_length": 1992, "ref_seq_lenght": 1992, "depth": 71.74, "ref_start_pos": 1, "ref_end_pos": 1993, "pmids": [], "notes": [], "coverage": 100.0, "key": "grlB;;1;;CP026964.1"}, "gyrA;;1;;CP031265.1": {"type": "seq_region", "phenotypes": [], "ref_database": ["PointFinder-3.0.0"], "gene": true, "ref_id": "gyrA_1_CP031265.1", "name": "gyrA", "ref_acc": "CP031265.1", "identity": 99.44, "alignment_length": 2664, "ref_seq_lenght": 2664, "depth": 136.97, "ref_start_pos": 1, "ref_end_pos": 2665, "pmids": [], "notes": [], "coverage": 100.0, "key": "gyrA;;1;;CP031265.1"}, "ileS;;1;;CP047851.1": {"type": "seq_region", "phenotypes": [], "ref_database": ["PointFinder-3.0.0"], "gene": true, "ref_id": "ileS_1_CP047851.1", "name": "ileS", "ref_acc": "CP047851.1", "identity": 99.02, "alignment_length": 2754, "ref_seq_lenght": 2754, "depth": 82.94, "ref_start_pos": 1, "ref_end_pos": 2755, "pmids": [], "notes": [], "coverage": 100.0, "key": "ileS;;1;;CP047851.1"}, "pbp2;;1;;L25426.1": {"type": "seq_region", "phenotypes": [], "ref_database": ["PointFinder-3.0.0"], "gene": true, "ref_id": "pbp2_1_L25426.1", "name": "pbp2", "ref_acc": "L25426.1", "identity": 99.13, "alignment_length": 2184, "ref_seq_lenght": 2184, "depth": 92.81, "ref_start_pos": 1, "ref_end_pos": 2185, "pmids": [], "notes": [], "coverage": 100.0, "key": "pbp2;;1;;L25426.1"}, "pbp4-promoter;;1;;CP073012.1": {"type": "seq_region", "phenotypes": [], "ref_database": ["PointFinder-3.0.0"], "gene": true, "ref_id": "pbp4-promoter_1_CP073012.1", "name": "pbp4-promoter", "ref_acc": "CP073012.1", "identity": 97.21, "alignment_length": 394, "ref_seq_lenght": 394, "depth": 16.63, "ref_start_pos": 1, "ref_end_pos": 395, "pmids": [], "notes": [], "coverage": 100.0, "key": "pbp4-promoter;;1;;CP073012.1"}, "pbp4;;1;;X91786.1": {"type": "seq_region", "phenotypes": [], "ref_database": ["PointFinder-3.0.0"], "gene": true, "ref_id": "pbp4_1_X91786.1", "name": "pbp4", "ref_acc": "X91786.1", "identity": 98.92, "alignment_length": 1296, "ref_seq_lenght": 1296, "depth": 76.43, "ref_start_pos": 1, "ref_end_pos": 1297, "pmids": [], "notes": [], "coverage": 100.0, "key": "pbp4;;1;;X91786.1"}, "rpoB;;1;;AP020316.1": {"type": "seq_region", "phenotypes": [], "ref_database": ["PointFinder-3.0.0"], "gene": true, "ref_id": "rpoB_1_AP020316.1", "name": "rpoB", "ref_acc": "AP020316.1", "identity": 99.69, "alignment_length": 3552, "ref_seq_lenght": 3552, "depth": 150.18, "ref_start_pos": 1, "ref_end_pos": 3553, "pmids": [], "notes": [], "coverage": 100.0, "key": "rpoB;;1;;AP020316.1"}}, "seq_variations": {"dfrB;;1;;CP043920.1;;72;;e": {"type": "seq_variation", "ref_database": "PointFinder-3.0.0", "seq_regions": ["dfrB;;1;;CP043920.1"], "phenotypes": [], "seq_var": "p.V72E", "ref_codon": "gtg", "var_codon": "gag", "codon_change": "gtg>gag", "nuc_change": "e", "ref_aa": "v", "var_aa": "e", "ref_start_pos": 72, "ref_end_pos": 72, "substitution": true, "deletion": false, "insertion": false, "ref_id": "dfrB;;1;;CP043920.1_72_e", "key": "dfrB;;1;;CP043920.1;;72;;e", "pmids": [], "notes": []}, "dfrB;;1;;CP043920.1;;97;;t": {"type": "seq_variation", "ref_database": "PointFinder-3.0.0", "seq_regions": ["dfrB;;1;;CP043920.1"], "phenotypes": [], "seq_var": "p.I97T", "ref_codon": "ata", "var_codon": "aca", "codon_change": "ata>aca", "nuc_change": "t", "ref_aa": "i", "var_aa": "t", "ref_start_pos": 97, "ref_end_pos": 97, "substitution": true, "deletion": false, "insertion": false, "ref_id": "dfrB;;1;;CP043920.1_97_t", "key": "dfrB;;1;;CP043920.1;;97;;t", "pmids": [], "notes": []}, "dfrB;;1;;CP043920.1;;135;;t": {"type": "seq_variation", "ref_database": "PointFinder-3.0.0", "seq_regions": ["dfrB;;1;;CP043920.1"], "phenotypes": [], "seq_var": "p.A135T", "ref_codon": "gcc", "var_codon": "acc", "codon_change": "gcc>acc", "nuc_change": "t", "ref_aa": "a", "var_aa": "t", "ref_start_pos": 135, "ref_end_pos": 135, "substitution": true, "deletion": false, "insertion": false, "ref_id": "dfrB;;1;;CP043920.1_135_t", "key": "dfrB;;1;;CP043920.1;;135;;t", "pmids": [], "notes": []}, "grlA;;1;;CP026964.1;;404;;g": {"type": "seq_variation", "ref_database": "PointFinder-3.0.0", "seq_regions": ["grlA;;1;;CP026964.1"], "phenotypes": [], "seq_var": "p.E404G", "ref_codon": "gaa", "var_codon": "gga", "codon_change": "gaa>gga", "nuc_change": "g", "ref_aa": "e", "var_aa": "g", "ref_start_pos": 404, "ref_end_pos": 404, "substitution": true, "deletion": false, "insertion": false, "ref_id": "grlA;;1;;CP026964.1_404_g", "key": "grlA;;1;;CP026964.1;;404;;g", "pmids": [], "notes": []}, "grlA;;1;;CP026964.1;;410;;f": {"type": "seq_variation", "ref_database": "PointFinder-3.0.0", "seq_regions": ["grlA;;1;;CP026964.1"], "phenotypes": [], "seq_var": "p.Y410F", "ref_codon": "tac", "var_codon": "ttc", "codon_change": "tac>ttc", "nuc_change": "f", "ref_aa": "y", "var_aa": "f", "ref_start_pos": 410, "ref_end_pos": 410, "substitution": true, "deletion": false, "insertion": false, "ref_id": "grlA;;1;;CP026964.1_410_f", "key": "grlA;;1;;CP026964.1;;410;;f", "pmids": [], "notes": []}, "grlA;;1;;CP026964.1;;650;;r": {"type": "seq_variation", "ref_database": "PointFinder-3.0.0", "seq_regions": ["grlA;;1;;CP026964.1"], "phenotypes": [], "seq_var": "p.K650R", "ref_codon": "aaa", "var_codon": "aga", "codon_change": "aaa>aga", "nuc_change": "r", "ref_aa": "k", "var_aa": "r", "ref_start_pos": 650, "ref_end_pos": 650, "substitution": true, "deletion": false, "insertion": false, "ref_id": "grlA;;1;;CP026964.1_650_r", "key": "grlA;;1;;CP026964.1;;650;;r", "pmids": [], "notes": []}, "grlA;;1;;CP026964.1;;694;;m": {"type": "seq_variation", "ref_database": "PointFinder-3.0.0", "seq_regions": ["grlA;;1;;CP026964.1"], "phenotypes": [], "seq_var": "p.V694M", "ref_codon": "gtg", "var_codon": "atg", "codon_change": "gtg>atg", "nuc_change": "m", "ref_aa": "v", "var_aa": "m", "ref_start_pos": 694, "ref_end_pos": 694, "substitution": true, "deletion": false, "insertion": false, "ref_id": "grlA;;1;;CP026964.1_694_m", "key": "grlA;;1;;CP026964.1;;694;;m", "pmids": [], "notes": []}, "grlB;;1;;CP026964.1;;289;;i": {"type": "seq_variation", "ref_database": "PointFinder-3.0.0", "seq_regions": ["grlB;;1;;CP026964.1"], "phenotypes": [], "seq_var": "p.T289I", "ref_codon": "aca", "var_codon": "ata", "codon_change": "aca>ata", "nuc_change": "i", "ref_aa": "t", "var_aa": "i", "ref_start_pos": 289, "ref_end_pos": 289, "substitution": true, "deletion": false, "insertion": false, "ref_id": "grlB;;1;;CP026964.1_289_i", "key": "grlB;;1;;CP026964.1;;289;;i", "pmids": [], "notes": []}, "grlB;;1;;CP026964.1;;530;;g": {"type": "seq_variation", "ref_database": "PointFinder-3.0.0", "seq_regions": ["grlB;;1;;CP026964.1"], "phenotypes": [], "seq_var": "p.D530G", "ref_codon": "gat", "var_codon": "ggt", "codon_change": "gat>ggt", "nuc_change": "g", "ref_aa": "d", "var_aa": "g", "ref_start_pos": 530, "ref_end_pos": 530, "substitution": true, "deletion": false, "insertion": false, "ref_id": "grlB;;1;;CP026964.1_530_g", "key": "grlB;;1;;CP026964.1;;530;;g", "pmids": [], "notes": []}, "gyrA;;1;;CP031265.1;;887;;d": {"type": "seq_variation", "ref_database": "PointFinder-3.0.0", "seq_regions": ["gyrA;;1;;CP031265.1"], "phenotypes": [], "seq_var": "p.E887D", "ref_codon": "gaa", "var_codon": "gat", "codon_change": "gaa>gat", "nuc_change": "d", "ref_aa": "e", "var_aa": "d", "ref_start_pos": 887, "ref_end_pos": 887, "substitution": true, "deletion": false, "insertion": false, "ref_id": "gyrA;;1;;CP031265.1_887_d", "key": "gyrA;;1;;CP031265.1;;887;;d", "pmids": [], "notes": []}, "ileS;;1;;CP047851.1;;147;;n": {"type": "seq_variation", "ref_database": "PointFinder-3.0.0", "seq_regions": ["ileS;;1;;CP047851.1"], "phenotypes": [], "seq_var": "p.D147N", "ref_codon": "gac", "var_codon": "aac", "codon_change": "gac>aac", "nuc_change": "n", "ref_aa": "d", "var_aa": "n", "ref_start_pos": 147, "ref_end_pos": 147, "substitution": true, "deletion": false, "insertion": false, "ref_id": "ileS;;1;;CP047851.1_147_n", "key": "ileS;;1;;CP047851.1;;147;;n", "pmids": [], "notes": []}, "ileS;;1;;CP047851.1;;150;;n": {"type": "seq_variation", "ref_database": "PointFinder-3.0.0", "seq_regions": ["ileS;;1;;CP047851.1"], "phenotypes": [], "seq_var": "p.D150N", "ref_codon": "gat", "var_codon": "aat", "codon_change": "gat>aat", "nuc_change": "n", "ref_aa": "d", "var_aa": "n", "ref_start_pos": 150, "ref_end_pos": 150, "substitution": true, "deletion": false, "insertion": false, "ref_id": "ileS;;1;;CP047851.1_150_n", "key": "ileS;;1;;CP047851.1;;150;;n", "pmids": [], "notes": []}, "ileS;;1;;CP047851.1;;213;;d": {"type": "seq_variation", "ref_database": "PointFinder-3.0.0", "seq_regions": ["ileS;;1;;CP047851.1"], "phenotypes": [], "seq_var": "p.N213D", "ref_codon": "aac", "var_codon": "gac", "codon_change": "aac>gac", "nuc_change": "d", "ref_aa": "n", "var_aa": "d", "ref_start_pos": 213, "ref_end_pos": 213, "substitution": true, "deletion": false, "insertion": false, "ref_id": "ileS;;1;;CP047851.1_213_d", "key": "ileS;;1;;CP047851.1;;213;;d", "pmids": [], "notes": []}, "pbp2;;1;;L25426.1;;315;;a": {"type": "seq_variation", "ref_database": "PointFinder-3.0.0", "seq_regions": ["pbp2;;1;;L25426.1"], "phenotypes": [], "seq_var": "p.E315A", "ref_codon": "gaa", "var_codon": "gca", "codon_change": "gaa>gca", "nuc_change": "a", "ref_aa": "e", "var_aa": "a", "ref_start_pos": 315, "ref_end_pos": 315, "substitution": true, "deletion": false, "insertion": false, "ref_id": "pbp2;;1;;L25426.1_315_a", "key": "pbp2;;1;;L25426.1;;315;;a", "pmids": [], "notes": []}, "pbp2;;1;;L25426.1;;439;;v": {"type": "seq_variation", "ref_database": "PointFinder-3.0.0", "seq_regions": ["pbp2;;1;;L25426.1"], "phenotypes": [], "seq_var": "p.T439V", "ref_codon": "acg", "var_codon": "gtg", "codon_change": "acg>gtg", "nuc_change": "v", "ref_aa": "t", "var_aa": "v", "ref_start_pos": 439, "ref_end_pos": 439, "substitution": true, "deletion": false, "insertion": false, "ref_id": "pbp2;;1;;L25426.1_439_v", "key": "pbp2;;1;;L25426.1;;439;;v", "pmids": [], "notes": []}, "pbp2;;1;;L25426.1;;576;;s": {"type": "seq_variation", "ref_database": "PointFinder-3.0.0", "seq_regions": ["pbp2;;1;;L25426.1"], "phenotypes": [], "seq_var": "p.A576S", "ref_codon": "gct", "var_codon": "tct", "codon_change": "gct>tct", "nuc_change": "s", "ref_aa": "a", "var_aa": "s", "ref_start_pos": 576, "ref_end_pos": 576, "substitution": true, "deletion": false, "insertion": false, "ref_id": "pbp2;;1;;L25426.1_576_s", "key": "pbp2;;1;;L25426.1;;576;;s", "pmids": [], "notes": []}, "pbp2;;1;;L25426.1;;606;;d": {"type": "seq_variation", "ref_database": "PointFinder-3.0.0", "seq_regions": ["pbp2;;1;;L25426.1"], "phenotypes": [], "seq_var": "p.A606D", "ref_codon": "gca", "var_codon": "gac", "codon_change": "gca>gac", "nuc_change": "d", "ref_aa": "a", "var_aa": "d", "ref_start_pos": 606, "ref_end_pos": 606, "substitution": true, "deletion": false, "insertion": false, "ref_id": "pbp2;;1;;L25426.1_606_d", "key": "pbp2;;1;;L25426.1;;606;;d", "pmids": [], "notes": []}, "pbp2;;1;;L25426.1;;691;;a": {"type": "seq_variation", "ref_database": "PointFinder-3.0.0", "seq_regions": ["pbp2;;1;;L25426.1"], "phenotypes": [], "seq_var": "p.T691A", "ref_codon": "aca", "var_codon": "gca", "codon_change": "aca>gca", "nuc_change": "a", "ref_aa": "t", "var_aa": "a", "ref_start_pos": 691, "ref_end_pos": 691, "substitution": true, "deletion": false, "insertion": false, "ref_id": "pbp2;;1;;L25426.1_691_a", "key": "pbp2;;1;;L25426.1;;691;;a", "pmids": [], "notes": []}, "pbp4-promoter;;1;;CP073012.1;;-54;;g": {"type": "seq_variation", "ref_database": "PointFinder-3.0.0", "seq_regions": ["pbp4-promoter;;1;;CP073012.1"], "phenotypes": [], "seq_var": "n.-54A>G", "ref_codon": "a", "var_codon": "g", "nuc_change": "g", "ref_start_pos": -54, "ref_end_pos": -54, "substitution": true, "deletion": false, "insertion": false, "ref_id": "pbp4-promoter;;1;;CP073012.1_-54_g", "key": "pbp4-promoter;;1;;CP073012.1;;-54;;g", "pmids": [], "notes": []}, "pbp4-promoter;;1;;CP073012.1;;-62;;t": {"type": "seq_variation", "ref_database": "PointFinder-3.0.0", "seq_regions": ["pbp4-promoter;;1;;CP073012.1"], "phenotypes": [], "seq_var": "n.-62G>T", "ref_codon": "g", "var_codon": "t", "nuc_change": "t", "ref_start_pos": -62, "ref_end_pos": -62, "substitution": true, "deletion": false, "insertion": false, "ref_id": "pbp4-promoter;;1;;CP073012.1_-62_t", "key": "pbp4-promoter;;1;;CP073012.1;;-62;;t", "pmids": [], "notes": []}, "pbp4-promoter;;1;;CP073012.1;;-113;;a": {"type": "seq_variation", "ref_database": "PointFinder-3.0.0", "seq_regions": ["pbp4-promoter;;1;;CP073012.1"], "phenotypes": [], "seq_var": "n.-113T>A", "ref_codon": "t", "var_codon": "a", "nuc_change": "a", "ref_start_pos": -113, "ref_end_pos": -113, "substitution": true, "deletion": false, "insertion": false, "ref_id": "pbp4-promoter;;1;;CP073012.1_-113_a", "key": "pbp4-promoter;;1;;CP073012.1;;-113;;a", "pmids": [], "notes": []}, "pbp4-promoter;;1;;CP073012.1;;-120;;g": {"type": "seq_variation", "ref_database": "PointFinder-3.0.0", "seq_regions": ["pbp4-promoter;;1;;CP073012.1"], "phenotypes": [], "seq_var": "n.-120A>G", "ref_codon": "a", "var_codon": "g", "nuc_change": "g", "ref_start_pos": -120, "ref_end_pos": -120, "substitution": true, "deletion": false, "insertion": false, "ref_id": "pbp4-promoter;;1;;CP073012.1_-120_g", "key": "pbp4-promoter;;1;;CP073012.1;;-120;;g", "pmids": [], "notes": []}, "pbp4-promoter;;1;;CP073012.1;;-121;;a": {"type": "seq_variation", "ref_database": "PointFinder-3.0.0", "seq_regions": ["pbp4-promoter;;1;;CP073012.1"], "phenotypes": [], "seq_var": "n.-121G>A", "ref_codon": "g", "var_codon": "a", "nuc_change": "a", "ref_start_pos": -121, "ref_end_pos": -121, "substitution": true, "deletion": false, "insertion": false, "ref_id": "pbp4-promoter;;1;;CP073012.1_-121_a", "key": "pbp4-promoter;;1;;CP073012.1;;-121;;a", "pmids": [], "notes": []}, "pbp4-promoter;;1;;CP073012.1;;-125;;c": {"type": "seq_variation", "ref_database": "PointFinder-3.0.0", "seq_regions": ["pbp4-promoter;;1;;CP073012.1"], "phenotypes": [], "seq_var": "n.-125T>C", "ref_codon": "t", "var_codon": "c", "nuc_change": "c", "ref_start_pos": -125, "ref_end_pos": -125, "substitution": true, "deletion": false, "insertion": false, "ref_id": "pbp4-promoter;;1;;CP073012.1_-125_c", "key": "pbp4-promoter;;1;;CP073012.1;;-125;;c", "pmids": [], "notes": []}, "pbp4-promoter;;1;;CP073012.1;;-129;;a": {"type": "seq_variation", "ref_database": "PointFinder-3.0.0", "seq_regions": ["pbp4-promoter;;1;;CP073012.1"], "phenotypes": [], "seq_var": "n.-129T>A", "ref_codon": "t", "var_codon": "a", "nuc_change": "a", "ref_start_pos": -129, "ref_end_pos": -129, "substitution": true, "deletion": false, "insertion": false, "ref_id": "pbp4-promoter;;1;;CP073012.1_-129_a", "key": "pbp4-promoter;;1;;CP073012.1;;-129;;a", "pmids": [], "notes": []}, "pbp4-promoter;;1;;CP073012.1;;-220;;t": {"type": "seq_variation", "ref_database": "PointFinder-3.0.0", "seq_regions": ["pbp4-promoter;;1;;CP073012.1"], "phenotypes": [], "seq_var": "n.-220A>T", "ref_codon": "a", "var_codon": "t", "nuc_change": "t", "ref_start_pos": -220, "ref_end_pos": -220, "substitution": true, "deletion": false, "insertion": false, "ref_id": "pbp4-promoter;;1;;CP073012.1_-220_t", "key": "pbp4-promoter;;1;;CP073012.1;;-220;;t", "pmids": [], "notes": []}, "pbp4-promoter;;1;;CP073012.1;;-238;;t": {"type": "seq_variation", "ref_database": "PointFinder-3.0.0", "seq_regions": ["pbp4-promoter;;1;;CP073012.1"], "phenotypes": [], "seq_var": "n.-238C>T", "ref_codon": "c", "var_codon": "t", "nuc_change": "t", "ref_start_pos": -238, "ref_end_pos": -238, "substitution": true, "deletion": false, "insertion": false, "ref_id": "pbp4-promoter;;1;;CP073012.1_-238_t", "key": "pbp4-promoter;;1;;CP073012.1;;-238;;t", "pmids": [], "notes": []}, "pbp4-promoter;;1;;CP073012.1;;-298;;t": {"type": "seq_variation", "ref_database": "PointFinder-3.0.0", "seq_regions": ["pbp4-promoter;;1;;CP073012.1"], "phenotypes": [], "seq_var": "n.-298C>T", "ref_codon": "c", "var_codon": "t", "nuc_change": "t", "ref_start_pos": -298, "ref_end_pos": -298, "substitution": true, "deletion": false, "insertion": false, "ref_id": "pbp4-promoter;;1;;CP073012.1_-298_t", "key": "pbp4-promoter;;1;;CP073012.1;;-298;;t", "pmids": [], "notes": []}, "pbp4-promoter;;1;;CP073012.1;;25;;a": {"type": "seq_variation", "ref_database": "PointFinder-3.0.0", "seq_regions": ["pbp4-promoter;;1;;CP073012.1"], "phenotypes": [], "seq_var": "p.T25A", "ref_codon": "act", "var_codon": "gct", "codon_change": "act>gct", "nuc_change": "a", "ref_aa": "t", "var_aa": "a", "ref_start_pos": 25, "ref_end_pos": 25, "substitution": true, "deletion": false, "insertion": false, "ref_id": "pbp4-promoter;;1;;CP073012.1_25_a", "key": "pbp4-promoter;;1;;CP073012.1;;25;;a", "pmids": [], "notes": []}, "pbp4;;1;;X91786.1;;25;;a": {"type": "seq_variation", "ref_database": "PointFinder-3.0.0", "seq_regions": ["pbp4;;1;;X91786.1"], "phenotypes": [], "seq_var": "p.T25A", "ref_codon": "act", "var_codon": "gct", "codon_change": "act>gct", "nuc_change": "a", "ref_aa": "t", "var_aa": "a", "ref_start_pos": 25, "ref_end_pos": 25, "substitution": true, "deletion": false, "insertion": false, "ref_id": "pbp4;;1;;X91786.1_25_a", "key": "pbp4;;1;;X91786.1;;25;;a", "pmids": [], "notes": []}, "pbp4;;1;;X91786.1;;98;;e": {"type": "seq_variation", "ref_database": "PointFinder-3.0.0", "seq_regions": ["pbp4;;1;;X91786.1"], "phenotypes": [], "seq_var": "p.D98E", "ref_codon": "gac", "var_codon": "gaa", "codon_change": "gac>gaa", "nuc_change": "e", "ref_aa": "d", "var_aa": "e", "ref_start_pos": 98, "ref_end_pos": 98, "substitution": true, "deletion": false, "insertion": false, "ref_id": "pbp4;;1;;X91786.1_98_e", "key": "pbp4;;1;;X91786.1;;98;;e", "pmids": [], "notes": []}, "pbp4;;1;;X91786.1;;234;;h": {"type": "seq_variation", "ref_database": "PointFinder-3.0.0", "seq_regions": ["pbp4;;1;;X91786.1"], "phenotypes": [], "seq_var": "p.L234H", "ref_codon": "cta", "var_codon": "cat", "codon_change": "cta>cat", "nuc_change": "h", "ref_aa": "l", "var_aa": "h", "ref_start_pos": 234, "ref_end_pos": 234, "substitution": true, "deletion": false, "insertion": false, "ref_id": "pbp4;;1;;X91786.1_234_h", "key": "pbp4;;1;;X91786.1;;234;;h", "pmids": [], "notes": []}, "pbp4;;1;;X91786.1;;398;;a": {"type": "seq_variation", "ref_database": "PointFinder-3.0.0", "seq_regions": ["pbp4;;1;;X91786.1"], "phenotypes": [], "seq_var": "p.E398A", "ref_codon": "gaa", "var_codon": "gca", "codon_change": "gaa>gca", "nuc_change": "a", "ref_aa": "e", "var_aa": "a", "ref_start_pos": 398, "ref_end_pos": 398, "substitution": true, "deletion": false, "insertion": false, "ref_id": "pbp4;;1;;X91786.1_398_a", "key": "pbp4;;1;;X91786.1;;398;;a", "pmids": [], "notes": []}, "pbp4;;1;;X91786.1;;409;;a": {"type": "seq_variation", "ref_database": "PointFinder-3.0.0", "seq_regions": ["pbp4;;1;;X91786.1"], "phenotypes": [], "seq_var": "p.T409A", "ref_codon": "aca", "var_codon": "gca", "codon_change": "aca>gca", "nuc_change": "a", "ref_aa": "t", "var_aa": "a", "ref_start_pos": 409, "ref_end_pos": 409, "substitution": true, "deletion": false, "insertion": false, "ref_id": "pbp4;;1;;X91786.1_409_a", "key": "pbp4;;1;;X91786.1;;409;;a", "pmids": [], "notes": []}}, "phenotypes": {"gentamicin": {"type": "phenotype", "amr_classes": ["aminoglycoside"], "seq_regions": [], "seq_variations": [], "ref_database": [], "category": "amr", "key": "gentamicin", "amr_resistance": "gentamicin", "amr_resistant": false, "amr_species_relevant": true}, "tobramycin": {"type": "phenotype", "amr_classes": ["aminoglycoside"], "seq_regions": [], "seq_variations": [], "ref_database": [], "category": "amr", "key": "tobramycin", "amr_resistance": "tobramycin", "amr_resistant": false, "amr_species_relevant": true}, "streptomycin": {"type": "phenotype", "amr_classes": ["aminoglycoside"], "seq_regions": [], "seq_variations": [], "ref_database": [], "category": "amr", "key": "streptomycin", "amr_resistance": "streptomycin", "amr_resistant": false, "amr_species_relevant": false}, "amikacin": {"type": "phenotype", "amr_classes": ["aminoglycoside"], "seq_regions": [], "seq_variations": [], "ref_database": [], "category": "amr", "key": "amikacin", "amr_resistance": "amikacin", "amr_resistant": false, "amr_species_relevant": true}, "isepamicin": {"type": "phenotype", "amr_classes": ["aminoglycoside"], "seq_regions": [], "seq_variations": [], "ref_database": [], "category": "amr", "key": "isepamicin", "amr_resistance": "isepamicin", "amr_resistant": false, "amr_species_relevant": false}, "dibekacin": {"type": "phenotype", "amr_classes": ["aminoglycoside"], "seq_regions": [], "seq_variations": [], "ref_database": [], "category": "amr", "key": "dibekacin", "amr_resistance": "dibekacin", "amr_resistant": false, "amr_species_relevant": false}, "kanamycin": {"type": "phenotype", "amr_classes": ["aminoglycoside"], "seq_regions": [], "seq_variations": [], "ref_database": [], "category": "amr", "key": "kanamycin", "amr_resistance": "kanamycin", "amr_resistant": false, "amr_species_relevant": false}, "neomycin": {"type": "phenotype", "amr_classes": ["aminoglycoside"], "seq_regions": [], "seq_variations": [], "ref_database": [], "category": "amr", "key": "neomycin", "amr_resistance": "neomycin", "amr_resistant": false, "amr_species_relevant": false}, "lividomycin": {"type": "phenotype", "amr_classes": ["aminoglycoside"], "seq_regions": [], "seq_variations": [], "ref_database": [], "category": "amr", "key": "lividomycin", "amr_resistance": "lividomycin", "amr_resistant": false, "amr_species_relevant": false}, "paromomycin": {"type": "phenotype", "amr_classes": ["aminoglycoside"], "seq_regions": [], "seq_variations": [], "ref_database": [], "category": "amr", "key": "paromomycin", "amr_resistance": "paromomycin", "amr_resistant": false, "amr_species_relevant": false}, "ribostamycin": {"type": "phenotype", "amr_classes": ["aminoglycoside"], "seq_regions": [], "seq_variations": [], "ref_database": [], "category": "amr", "key": "ribostamycin", "amr_resistance": "ribostamycin", "amr_resistant": false, "amr_species_relevant": false}, "unknown aminoglycoside": {"type": "phenotype", "amr_classes": ["aminoglycoside"], "seq_regions": [], "seq_variations": [], "ref_database": [], "category": "amr", "key": "unknown aminoglycoside", "amr_resistance": "unknown aminoglycoside", "amr_resistant": false, "amr_species_relevant": false}, "butiromycin": {"type": "phenotype", "amr_classes": ["aminoglycoside"], "seq_regions": [], "seq_variations": [], "ref_database": [], "category": "amr", "key": "butiromycin", "amr_resistance": "butiromycin", "amr_resistant": false, "amr_species_relevant": false}, "butirosin": {"type": "phenotype", "amr_classes": ["aminoglycoside"], "seq_regions": [], "seq_variations": [], "ref_database": [], "category": "amr", "key": "butirosin", "amr_resistance": "butirosin", "amr_resistant": false, "amr_species_relevant": false}, "hygromycin": {"type": "phenotype", "amr_classes": ["aminoglycoside"], "seq_regions": [], "seq_variations": [], "ref_database": [], "category": "amr", "key": "hygromycin", "amr_resistance": "hygromycin", "amr_resistant": false, "amr_species_relevant": false}, "netilmicin": {"type": "phenotype", "amr_classes": ["aminoglycoside"], "seq_regions": [], "seq_variations": [], "ref_database": [], "category": "amr", "key": "netilmicin", "amr_resistance": "netilmicin", "amr_resistant": false, "amr_species_relevant": false}, "apramycin": {"type": "phenotype", "amr_classes": ["aminoglycoside"], "seq_regions": [], "seq_variations": [], "ref_database": [], "category": "amr", "key": "apramycin", "amr_resistance": "apramycin", "amr_resistant": false, "amr_species_relevant": false}, "sisomicin": {"type": "phenotype", "amr_classes": ["aminoglycoside"], "seq_regions": [], "seq_variations": [], "ref_database": [], "category": "amr", "key": "sisomicin", "amr_resistance": "sisomicin", "amr_resistant": false, "amr_species_relevant": false}, "arbekacin": {"type": "phenotype", "amr_classes": ["aminoglycoside"], "seq_regions": [], "seq_variations": [], "ref_database": [], "category": "amr", "key": "arbekacin", "amr_resistance": "arbekacin", "amr_resistant": false, "amr_species_relevant": false}, "kasugamycin": {"type": "phenotype", "amr_classes": ["aminoglycoside"], "seq_regions": [], "seq_variations": [], "ref_database": [], "category": "amr", "key": "kasugamycin", "amr_resistance": "kasugamycin", "amr_resistant": false, "amr_species_relevant": false}, "astromicin": {"type": "phenotype", "amr_classes": ["aminoglycoside"], "seq_regions": [], "seq_variations": [], "ref_database": [], "category": "amr", "key": "astromicin", "amr_resistance": "astromicin", "amr_resistant": false, "amr_species_relevant": false}, "fortimicin": {"type": "phenotype", "amr_classes": ["aminoglycoside"], "seq_regions": [], "seq_variations": [], "ref_database": [], "category": "amr", "key": "fortimicin", "amr_resistance": "fortimicin", "amr_resistant": false, "amr_species_relevant": false}, "spectinomycin": {"type": "phenotype", "amr_classes": ["aminocyclitol"], "seq_regions": [], "seq_variations": [], "ref_database": [], "category": "amr", "key": "spectinomycin", "amr_resistance": "spectinomycin", "amr_resistant": false, "amr_species_relevant": false}, "fluoroquinolone": {"type": "phenotype", "amr_classes": ["quinolone"], "seq_regions": [], "seq_variations": [], "ref_database": [], "category": "amr", "key": "fluoroquinolone", "amr_resistance": "fluoroquinolone", "amr_resistant": false, "amr_species_relevant": false}, "ciprofloxacin": {"type": "phenotype", "amr_classes": ["quinolone"], "seq_regions": [], "seq_variations": [], "ref_database": [], "category": "amr", "key": "ciprofloxacin", "amr_resistance": "ciprofloxacin", "amr_resistant": false, "amr_species_relevant": true}, "unknown quinolone": {"type": "phenotype", "amr_classes": ["quinolone"], "seq_regions": [], "seq_variations": [], "ref_database": [], "category": "amr", "key": "unknown quinolone", "amr_resistance": "unknown quinolone", "amr_resistant": false, "amr_species_relevant": false}, "nalidixic acid": {"type": "phenotype", "amr_classes": ["quinolone"], "seq_regions": [], "seq_variations": [], "ref_database": [], "category": "amr", "key": "nalidixic acid", "amr_resistance": "nalidixic acid", "amr_resistant": false, "amr_species_relevant": false}, "amoxicillin": {"type": "phenotype", "amr_classes": ["beta-lactam"], "seq_regions": ["blaZ;;138;;CP003979"], "seq_variations": [], "ref_database": ["ResFinder-2.0.1"], "category": "amr", "key": "amoxicillin", "amr_resistance": "amoxicillin", "amr_resistant": true, "amr_species_relevant": false}, "amoxicillin+clavulanic acid": {"type": "phenotype", "amr_classes": ["beta-lactam"], "seq_regions": [], "seq_variations": [], "ref_database": [], "category": "amr", "key": "amoxicillin+clavulanic acid", "amr_resistance": "amoxicillin+clavulanic acid", "amr_resistant": false, "amr_species_relevant": false}, "ampicillin": {"type": "phenotype", "amr_classes": ["beta-lactam"], "seq_regions": ["blaZ;;138;;CP003979"], "seq_variations": [], "ref_database": ["ResFinder-2.0.1"], "category": "amr", "key": "ampicillin", "amr_resistance": "ampicillin", "amr_resistant": true, "amr_species_relevant": false}, "ampicillin+clavulanic acid": {"type": "phenotype", "amr_classes": ["beta-lactam"], "seq_regions": [], "seq_variations": [], "ref_database": [], "category": "amr", "key": "ampicillin+clavulanic acid", "amr_resistance": "ampicillin+clavulanic acid", "amr_resistant": false, "amr_species_relevant": false}, "cefepime": {"type": "phenotype", "amr_classes": ["beta-lactam"], "seq_regions": [], "seq_variations": [], "ref_database": [], "category": "amr", "key": "cefepime", "amr_resistance": "cefepime", "amr_resistant": false, "amr_species_relevant": false}, "cefixime": {"type": "phenotype", "amr_classes": ["beta-lactam"], "seq_regions": [], "seq_variations": [], "ref_database": [], "category": "amr", "key": "cefixime", "amr_resistance": "cefixime", "amr_resistant": false, "amr_species_relevant": false}, "cefotaxime": {"type": "phenotype", "amr_classes": ["beta-lactam"], "seq_regions": [], "seq_variations": [], "ref_database": [], "category": "amr", "key": "cefotaxime", "amr_resistance": "cefotaxime", "amr_resistant": false, "amr_species_relevant": false}, "cefoxitin": {"type": "phenotype", "amr_classes": ["beta-lactam"], "seq_regions": [], "seq_variations": [], "ref_database": [], "category": "amr", "key": "cefoxitin", "amr_resistance": "cefoxitin", "amr_resistant": false, "amr_species_relevant": true}, "ceftazidime": {"type": "phenotype", "amr_classes": ["beta-lactam"], "seq_regions": [], "seq_variations": [], "ref_database": [], "category": "amr", "key": "ceftazidime", "amr_resistance": "ceftazidime", "amr_resistant": false, "amr_species_relevant": false}, "ertapenem": {"type": "phenotype", "amr_classes": ["beta-lactam"], "seq_regions": [], "seq_variations": [], "ref_database": [], "category": "amr", "key": "ertapenem", "amr_resistance": "ertapenem", "amr_resistant": false, "amr_species_relevant": false}, "imipenem": {"type": "phenotype", "amr_classes": ["beta-lactam"], "seq_regions": [], "seq_variations": [], "ref_database": [], "category": "amr", "key": "imipenem", "amr_resistance": "imipenem", "amr_resistant": false, "amr_species_relevant": false}, "meropenem": {"type": "phenotype", "amr_classes": ["beta-lactam"], "seq_regions": [], "seq_variations": [], "ref_database": [], "category": "amr", "key": "meropenem", "amr_resistance": "meropenem", "amr_resistant": false, "amr_species_relevant": false}, "piperacillin": {"type": "phenotype", "amr_classes": ["beta-lactam"], "seq_regions": ["blaZ;;138;;CP003979"], "seq_variations": [], "ref_database": ["ResFinder-2.0.1"], "category": "amr", "key": "piperacillin", "amr_resistance": "piperacillin", "amr_resistant": true, "amr_species_relevant": false}, "piperacillin+tazobactam": {"type": "phenotype", "amr_classes": ["beta-lactam"], "seq_regions": [], "seq_variations": [], "ref_database": [], "category": "amr", "key": "piperacillin+tazobactam", "amr_resistance": "piperacillin+tazobactam", "amr_resistant": false, "amr_species_relevant": false}, "unknown beta-lactam": {"type": "phenotype", "amr_classes": ["beta-lactam"], "seq_regions": [], "seq_variations": [], "ref_database": [], "category": "amr", "key": "unknown beta-lactam", "amr_resistance": "unknown beta-lactam", "amr_resistant": false, "amr_species_relevant": false}, "aztreonam": {"type": "phenotype", "amr_classes": ["beta-lactam"], "seq_regions": [], "seq_variations": [], "ref_database": [], "category": "amr", "key": "aztreonam", "amr_resistance": "aztreonam", "amr_resistant": false, "amr_species_relevant": false}, "cefotaxime+clavulanic acid": {"type": "phenotype", "amr_classes": ["beta-lactam"], "seq_regions": [], "seq_variations": [], "ref_database": [], "category": "amr", "key": "cefotaxime+clavulanic acid", "amr_resistance": "cefotaxime+clavulanic acid", "amr_resistant": false, "amr_species_relevant": false}, "temocillin": {"type": "phenotype", "amr_classes": ["beta-lactam"], "seq_regions": [], "seq_variations": [], "ref_database": [], "category": "amr", "key": "temocillin", "amr_resistance": "temocillin", "amr_resistant": false, "amr_species_relevant": false}, "ticarcillin": {"type": "phenotype", "amr_classes": ["beta-lactam"], "seq_regions": [], "seq_variations": [], "ref_database": [], "category": "amr", "key": "ticarcillin", "amr_resistance": "ticarcillin", "amr_resistant": false, "amr_species_relevant": false}, "ceftazidime+avibactam": {"type": "phenotype", "amr_classes": ["beta-lactam"], "seq_regions": [], "seq_variations": [], "ref_database": [], "category": "amr", "key": "ceftazidime+avibactam", "amr_resistance": "ceftazidime+avibactam", "amr_resistant": false, "amr_species_relevant": false}, "penicillin": {"type": "phenotype", "amr_classes": ["beta-lactam"], "seq_regions": ["blaZ;;138;;CP003979"], "seq_variations": [], "ref_database": ["ResFinder-2.0.1"], "category": "amr", "key": "penicillin", "amr_resistance": "penicillin", "amr_resistant": true, "amr_species_relevant": true}, "ceftriaxone": {"type": "phenotype", "amr_classes": ["beta-lactam"], "seq_regions": [], "seq_variations": [], "ref_database": [], "category": "amr", "key": "ceftriaxone", "amr_resistance": "ceftriaxone", "amr_resistant": false, "amr_species_relevant": false}, "ticarcillin+clavulanic acid": {"type": "phenotype", "amr_classes": ["beta-lactam"], "seq_regions": [], "seq_variations": [], "ref_database": [], "category": "amr", "key": "ticarcillin+clavulanic acid", "amr_resistance": "ticarcillin+clavulanic acid", "amr_resistant": false, "amr_species_relevant": false}, "cephalothin": {"type": "phenotype", "amr_classes": ["beta-lactam"], "seq_regions": [], "seq_variations": [], "ref_database": [], "category": "amr", "key": "cephalothin", "amr_resistance": "cephalothin", "amr_resistant": false, "amr_species_relevant": false}, "cephalotin": {"type": "phenotype", "amr_classes": ["beta-lactam"], "seq_regions": [], "seq_variations": [], "ref_database": [], "category": "amr", "key": "cephalotin", "amr_resistance": "cephalotin", "amr_resistant": false, "amr_species_relevant": false}, "piperacillin+clavulanic acid": {"type": "phenotype", "amr_classes": ["beta-lactam"], "seq_regions": [], "seq_variations": [], "ref_database": [], "category": "amr", "key": "piperacillin+clavulanic acid", "amr_resistance": "piperacillin+clavulanic acid", "amr_resistant": false, "amr_species_relevant": false}, "cefazolin": {"type": "phenotype", "amr_classes": ["beta-lactam"], "seq_regions": [], "seq_variations": [], "ref_database": [], "category": "amr", "key": "cefazolin", "amr_resistance": "cefazolin", "amr_resistant": false, "amr_species_relevant": false}, "ceftaroline": {"type": "phenotype", "amr_classes": ["beta-lactam"], "seq_regions": [], "seq_variations": [], "ref_database": [], "category": "amr", "key": "ceftaroline", "amr_resistance": "ceftaroline", "amr_resistant": false, "amr_species_relevant": false}, "ceftiofur": {"type": "phenotype", "amr_classes": ["under_development"], "seq_regions": [], "seq_variations": [], "ref_database": [], "category": "amr", "key": "ceftiofur", "amr_resistance": "ceftiofur", "amr_resistant": false, "amr_species_relevant": false}, "sulfamethoxazole": {"type": "phenotype", "amr_classes": ["folate pathway antagonist"], "seq_regions": [], "seq_variations": [], "ref_database": [], "category": "amr", "key": "sulfamethoxazole", "amr_resistance": "sulfamethoxazole", "amr_resistant": false, "amr_species_relevant": true}, "trimethoprim": {"type": "phenotype", "amr_classes": ["folate pathway antagonist"], "seq_regions": [], "seq_variations": [], "ref_database": [], "category": "amr", "key": "trimethoprim", "amr_resistance": "trimethoprim", "amr_resistant": false, "amr_species_relevant": true}, "fosfomycin": {"type": "phenotype", "amr_classes": ["fosfomycin"], "seq_regions": [], "seq_variations": [], "ref_database": [], "category": "amr", "key": "fosfomycin", "amr_resistance": "fosfomycin", "amr_resistant": false, "amr_species_relevant": true}, "vancomycin": {"type": "phenotype", "amr_classes": ["glycopeptide"], "seq_regions": [], "seq_variations": [], "ref_database": [], "category": "amr", "key": "vancomycin", "amr_resistance": "vancomycin", "amr_resistant": false, "amr_species_relevant": true}, "teicoplanin": {"type": "phenotype", "amr_classes": ["glycopeptide"], "seq_regions": [], "seq_variations": [], "ref_database": [], "category": "amr", "key": "teicoplanin", "amr_resistance": "teicoplanin", "amr_resistant": false, "amr_species_relevant": true}, "bleomycin": {"type": "phenotype", "amr_classes": ["glycopeptide"], "seq_regions": [], "seq_variations": [], "ref_database": [], "category": "amr", "key": "bleomycin", "amr_resistance": "bleomycin", "amr_resistant": false, "amr_species_relevant": false}, "lincomycin": {"type": "phenotype", "amr_classes": ["lincosamide"], "seq_regions": [], "seq_variations": [], "ref_database": [], "category": "amr", "key": "lincomycin", "amr_resistance": "lincomycin", "amr_resistant": false, "amr_species_relevant": false}, "clindamycin": {"type": "phenotype", "amr_classes": ["lincosamide"], "seq_regions": [], "seq_variations": [], "ref_database": [], "category": "amr", "key": "clindamycin", "amr_resistance": "clindamycin", "amr_resistant": false, "amr_species_relevant": true}, "dalfopristin": {"type": "phenotype", "amr_classes": ["streptogramin a"], "seq_regions": [], "seq_variations": [], "ref_database": [], "category": "amr", "key": "dalfopristin", "amr_resistance": "dalfopristin", "amr_resistant": false, "amr_species_relevant": false}, "pristinamycin iia": {"type": "phenotype", "amr_classes": ["streptogramin a"], "seq_regions": [], "seq_variations": [], "ref_database": [], "category": "amr", "key": "pristinamycin iia", "amr_resistance": "pristinamycin iia", "amr_resistant": false, "amr_species_relevant": false}, "virginiamycin m": {"type": "phenotype", "amr_classes": ["streptogramin a"], "seq_regions": [], "seq_variations": [], "ref_database": [], "category": "amr", "key": "virginiamycin m", "amr_resistance": "virginiamycin m", "amr_resistant": false, "amr_species_relevant": false}, "quinupristin+dalfopristin": {"type": "phenotype", "amr_classes": ["streptogramin a"], "seq_regions": [], "seq_variations": [], "ref_database": [], "category": "amr", "key": "quinupristin+dalfopristin", "amr_resistance": "quinupristin+dalfopristin", "amr_resistant": false, "amr_species_relevant": true}, "tiamulin": {"type": "phenotype", "amr_classes": ["pleuromutilin"], "seq_regions": [], "seq_variations": [], "ref_database": [], "category": "amr", "key": "tiamulin", "amr_resistance": "tiamulin", "amr_resistant": false, "amr_species_relevant": true}, "carbomycin": {"type": "phenotype", "amr_classes": ["macrolide"], "seq_regions": [], "seq_variations": [], "ref_database": [], "category": "amr", "key": "carbomycin", "amr_resistance": "carbomycin", "amr_resistant": false, "amr_species_relevant": false}, "erythromycin": {"type": "phenotype", "amr_classes": ["macrolide"], "seq_regions": [], "seq_variations": [], "ref_database": [], "category": "amr", "key": "erythromycin", "amr_resistance": "erythromycin", "amr_resistant": false, "amr_species_relevant": true}, "azithromycin": {"type": "phenotype", "amr_classes": ["macrolide"], "seq_regions": [], "seq_variations": [], "ref_database": [], "category": "amr", "key": "azithromycin", "amr_resistance": "azithromycin", "amr_resistant": false, "amr_species_relevant": false}, "oleandomycin": {"type": "phenotype", "amr_classes": ["macrolide"], "seq_regions": [], "seq_variations": [], "ref_database": [], "category": "amr", "key": "oleandomycin", "amr_resistance": "oleandomycin", "amr_resistant": false, "amr_species_relevant": false}, "spiramycin": {"type": "phenotype", "amr_classes": ["macrolide"], "seq_regions": [], "seq_variations": [], "ref_database": [], "category": "amr", "key": "spiramycin", "amr_resistance": "spiramycin", "amr_resistant": false, "amr_species_relevant": true}, "tylosin": {"type": "phenotype", "amr_classes": ["macrolide"], "seq_regions": [], "seq_variations": [], "ref_database": [], "category": "amr", "key": "tylosin", "amr_resistance": "tylosin", "amr_resistant": false, "amr_species_relevant": false}, "telithromycin": {"type": "phenotype", "amr_classes": ["macrolide"], "seq_regions": [], "seq_variations": [], "ref_database": [], "category": "amr", "key": "telithromycin", "amr_resistance": "telithromycin", "amr_resistant": false, "amr_species_relevant": true}, "tetracycline": {"type": "phenotype", "amr_classes": ["tetracycline"], "seq_regions": [], "seq_variations": [], "ref_database": [], "category": "amr", "key": "tetracycline", "amr_resistance": "tetracycline", "amr_resistant": false, "amr_species_relevant": true}, "doxycycline": {"type": "phenotype", "amr_classes": ["tetracycline"], "seq_regions": [], "seq_variations": [], "ref_database": [], "category": "amr", "key": "doxycycline", "amr_resistance": "doxycycline", "amr_resistant": false, "amr_species_relevant": false}, "minocycline": {"type": "phenotype", "amr_classes": ["tetracycline"], "seq_regions": [], "seq_variations": [], "ref_database": [], "category": "amr", "key": "minocycline", "amr_resistance": "minocycline", "amr_resistant": false, "amr_species_relevant": false}, "tigecycline": {"type": "phenotype", "amr_classes": ["tetracycline"], "seq_regions": [], "seq_variations": [], "ref_database": [], "category": "amr", "key": "tigecycline", "amr_resistance": "tigecycline", "amr_resistant": false, "amr_species_relevant": false}, "quinupristin": {"type": "phenotype", "amr_classes": ["streptogramin b"], "seq_regions": [], "seq_variations": [], "ref_database": [], "category": "amr", "key": "quinupristin", "amr_resistance": "quinupristin", "amr_resistant": false, "amr_species_relevant": false}, "pristinamycin ia": {"type": "phenotype", "amr_classes": ["streptogramin b"], "seq_regions": [], "seq_variations": [], "ref_database": [], "category": "amr", "key": "pristinamycin ia", "amr_resistance": "pristinamycin ia", "amr_resistant": false, "amr_species_relevant": false}, "virginiamycin s": {"type": "phenotype", "amr_classes": ["streptogramin b"], "seq_regions": [], "seq_variations": [], "ref_database": [], "category": "amr", "key": "virginiamycin s", "amr_resistance": "virginiamycin s", "amr_resistant": false, "amr_species_relevant": false}, "linezolid": {"type": "phenotype", "amr_classes": ["oxazolidinone"], "seq_regions": [], "seq_variations": [], "ref_database": [], "category": "amr", "key": "linezolid", "amr_resistance": "linezolid", "amr_resistant": false, "amr_species_relevant": true}, "chloramphenicol": {"type": "phenotype", "amr_classes": ["amphenicol"], "seq_regions": [], "seq_variations": [], "ref_database": [], "category": "amr", "key": "chloramphenicol", "amr_resistance": "chloramphenicol", "amr_resistant": false, "amr_species_relevant": true}, "florfenicol": {"type": "phenotype", "amr_classes": ["amphenicol"], "seq_regions": [], "seq_variations": [], "ref_database": [], "category": "amr", "key": "florfenicol", "amr_resistance": "florfenicol", "amr_resistant": false, "amr_species_relevant": false}, "colistin": {"type": "phenotype", "amr_classes": ["polymyxin"], "seq_regions": [], "seq_variations": [], "ref_database": [], "category": "amr", "key": "colistin", "amr_resistance": "colistin", "amr_resistant": false, "amr_species_relevant": false}, "fusidic acid": {"type": "phenotype", "amr_classes": ["steroid antibacterial"], "seq_regions": [], "seq_variations": [], "ref_database": [], "category": "amr", "key": "fusidic acid", "amr_resistance": "fusidic acid", "amr_resistant": false, "amr_species_relevant": true}, "mupirocin": {"type": "phenotype", "amr_classes": ["pseudomonic acid"], "seq_regions": [], "seq_variations": [], "ref_database": [], "category": "amr", "key": "mupirocin", "amr_resistance": "mupirocin", "amr_resistant": false, "amr_species_relevant": true}, "rifampicin": {"type": "phenotype", "amr_classes": ["rifamycin"], "seq_regions": [], "seq_variations": [], "ref_database": [], "category": "amr", "key": "rifampicin", "amr_resistance": "rifampicin", "amr_resistant": false, "amr_species_relevant": false}, "metronidazole": {"type": "phenotype", "amr_classes": ["nitroimidazole"], "seq_regions": [], "seq_variations": [], "ref_database": [], "category": "amr", "key": "metronidazole", "amr_resistance": "metronidazole", "amr_resistant": false, "amr_species_relevant": false}, "narasin": {"type": "phenotype", "amr_classes": ["ionophores"], "seq_regions": [], "seq_variations": [], "ref_database": [], "category": "amr", "key": "narasin", "amr_resistance": "narasin", "amr_resistant": false, "amr_species_relevant": false}, "salinomycin": {"type": "phenotype", "amr_classes": ["ionophores"], "seq_regions": [], "seq_variations": [], "ref_database": [], "category": "amr", "key": "salinomycin", "amr_resistance": "salinomycin", "amr_resistant": false, "amr_species_relevant": false}, "maduramicin": {"type": "phenotype", "amr_classes": ["ionophores"], "seq_regions": [], "seq_variations": [], "ref_database": [], "category": "amr", "key": "maduramicin", "amr_resistance": "maduramicin", "amr_resistant": false, "amr_species_relevant": false}}, "software_executions": {}, "aln_hits": {}, "software_name": "ResFinder", "software_version": "4.2.4", "software_commit": "unknown", "run_date": "2023-01-18", "key": "ResFinder-4.2.4", "provided_species": "staphylococcus aureus", "result_summary": "PEN"}