{"type": "software_result", "databases": {"ResFinder-2.0.1": {"type": "database", "database_name": "ResFinder", "database_version": "2.0.1", "key": "ResFinder-2.0.1", "database_commit": "83066961d86a577fa265a1dca58de581f2900894"}, "PointFinder-3.0.0": {"type": "database", "database_name": "PointFinder", "database_version": "3.0.0", "key": "PointFinder-3.0.0", "database_commit": "3556badd555bc1d76d533d54bc0c4f8843ecdd84"}}, "seq_regions": {"mecA;;2;;NC_002951": {"type": "seq_region", "phenotypes": ["amoxicillin", "amoxicillin+clavulanic acid", "ampicillin", "ampicillin+clavulanic acid", "cefepime", "cefixime", "cefotaxime", "cefoxitin", "ceftazidime", "ertapenem", "imipenem", "meropenem", "piperacillin", "piperacillin+tazobactam"], "ref_database": ["ResFinder-2.0.1"], "gene": true, "ref_id": "mecA_2_NC_002951", "name": "mecA", "ref_acc": "NC_002951", "identity": 100.0, "alignment_length": 2007, "ref_seq_lenght": 2007, "ref_start_pos": 1, "ref_end_pos": 2007, "query_id": "HE681097.1 Staphylococcus aureus subsp. aureus HO 5096 0412 complete genome", "query_start_pos": 39734, "query_end_pos": 41740, "pmids": ["15774886"], "notes": [""], "coverage": 100.0, "key": "mecA;;2;;NC_002951"}, "blaZ;;138;;CP003979": {"type": "seq_region", "phenotypes": ["amoxicillin", "ampicillin", "piperacillin", "penicillin"], "ref_database": ["ResFinder-2.0.1"], "gene": true, "ref_id": "blaZ_138_CP003979", "name": "blaZ", "ref_acc": "CP003979", "identity": 100.0, "alignment_length": 888, "ref_seq_lenght": 888, "ref_start_pos": 1, "ref_end_pos": 888, "query_id": "HE681097.1 Staphylococcus aureus subsp. aureus HO 5096 0412 complete genome", "query_start_pos": 2024036, "query_end_pos": 2024923, "pmids": ["23977354"], "notes": ["Class A"], "coverage": 100.0, "key": "blaZ;;138;;CP003979"}, "23S;;1;;AP024511.1": {"type": "seq_region", "phenotypes": [], "ref_database": ["PointFinder-3.0.0"], "gene": true, "ref_id": "23S_1_AP024511.1", "name": "23S", "ref_acc": "AP024511.1", "identity": 100.0, "alignment_length": 2923, "ref_seq_lenght": 2923, "ref_start_pos": 1, "ref_end_pos": 2923, "query_id": "HE681097.1 Staphylococcus aureus subsp. aureus HO 5096 0412 complete genome", "query_start_pos": 476444, "query_end_pos": 479366, "pmids": [], "notes": [], "coverage": 100.0, "key": "23S;;1;;AP024511.1"}, "23S;;1;;AP024511.1;;rbrk": {"type": "seq_region", "phenotypes": [], "ref_database": ["PointFinder-3.0.0"], "gene": true, "ref_id": "23S_1_AP024511.1", "name": "23S", "ref_acc": "AP024511.1", "identity": 100.0, "alignment_length": 2923, "ref_seq_lenght": 2923, "ref_start_pos": 1, "ref_end_pos": 2923, "query_id": "HE681097.1 Staphylococcus aureus subsp. aureus HO 5096 0412 complete genome", "query_start_pos": 2252390, "query_end_pos": 2255312, "pmids": [], "notes": [], "coverage": 100.0, "key": "23S;;1;;AP024511.1;;rbrk"}, "23S;;1;;AP024511.1;;bcrw": {"type": "seq_region", "phenotypes": [], "ref_database": ["PointFinder-3.0.0"], "gene": true, "ref_id": "23S_1_AP024511.1", "name": "23S", "ref_acc": "AP024511.1", "identity": 100.0, "alignment_length": 2923, "ref_seq_lenght": 2923, "ref_start_pos": 1, "ref_end_pos": 2923, "query_id": "HE681097.1 Staphylococcus aureus subsp. aureus HO 5096 0412 complete genome", "query_start_pos": 1947825, "query_end_pos": 1950747, "pmids": [], "notes": [], "coverage": 100.0, "key": "23S;;1;;AP024511.1;;bcrw"}, "23S;;1;;AP024511.1;;mpiz": {"type": "seq_region", "phenotypes": [], "ref_database": ["PointFinder-3.0.0"], "gene": true, "ref_id": "23S_1_AP024511.1", "name": "23S", "ref_acc": "AP024511.1", "identity": 99.9657885733835, "alignment_length": 2923, "ref_seq_lenght": 2923, "ref_start_pos": 1, "ref_end_pos": 2923, "query_id": "HE681097.1 Staphylococcus aureus subsp. aureus HO 5096 0412 complete genome", "query_start_pos": 2139005, "query_end_pos": 2141927, "pmids": [], "notes": [], "coverage": 100.0, "key": "23S;;1;;AP024511.1;;mpiz"}, "23S;;1;;AP024511.1;;dmfn": {"type": "seq_region", "phenotypes": [], "ref_database": ["PointFinder-3.0.0"], "gene": true, "ref_id": "23S_1_AP024511.1", "name": "23S", "ref_acc": "AP024511.1", "identity": 99.93157714676703, "alignment_length": 2923, "ref_seq_lenght": 2923, "ref_start_pos": 1, "ref_end_pos": 2923, "query_id": "HE681097.1 Staphylococcus aureus subsp. aureus HO 5096 0412 complete genome", "query_start_pos": 520839, "query_end_pos": 523761, "pmids": [], "notes": [], "coverage": 100.0, "key": "23S;;1;;AP024511.1;;dmfn"}, "23S;;1;;AP024511.1;;akuy": {"type": "seq_region", "phenotypes": [], "ref_database": ["PointFinder-3.0.0"], "gene": true, "ref_id": "23S_1_AP024511.1", "name": "23S", "ref_acc": "AP024511.1", "identity": 99.93157714676703, "alignment_length": 2923, "ref_seq_lenght": 2923, "ref_start_pos": 1, "ref_end_pos": 2923, "query_id": "HE681097.1 Staphylococcus aureus subsp. aureus HO 5096 0412 complete genome", "query_start_pos": 526156, "query_end_pos": 529078, "pmids": [], "notes": [], "coverage": 100.0, "key": "23S;;1;;AP024511.1;;akuy"}, "dfrB;;1;;CP043920.1": {"type": "seq_region", "phenotypes": [], "ref_database": ["PointFinder-3.0.0"], "gene": true, "ref_id": "dfrB_1_CP043920.1", "name": "dfrB", "ref_acc": "CP043920.1", "identity": 97.91666666666666, "alignment_length": 480, "ref_seq_lenght": 480, "ref_start_pos": 1, "ref_end_pos": 480, "query_id": "HE681097.1 Staphylococcus aureus subsp. aureus HO 5096 0412 complete genome", "query_start_pos": 1424362, "query_end_pos": 1424841, "pmids": [], "notes": [], "coverage": 100.0, "key": "dfrB;;1;;CP043920.1"}, "fusA;;1;;CP053353.1": {"type": "seq_region", "phenotypes": [], "ref_database": ["PointFinder-3.0.0"], "gene": true, "ref_id": "fusA_1_CP053353.1", "name": "fusA", "ref_acc": "CP053353.1", "identity": 99.90393852065321, "alignment_length": 2082, "ref_seq_lenght": 2082, "ref_start_pos": 1, "ref_end_pos": 2082, "query_id": "HE681097.1 Staphylococcus aureus subsp. aureus HO 5096 0412 complete genome", "query_start_pos": 562358, "query_end_pos": 564439, "pmids": [], "notes": [], "coverage": 100.0, "key": "fusA;;1;;CP053353.1"}, "grlA;;1;;CP026964.1": {"type": "seq_region", "phenotypes": [], "ref_database": ["PointFinder-3.0.0"], "gene": true, "ref_id": "grlA_1_CP026964.1", "name": "grlA", "ref_acc": "CP026964.1", "identity": 99.50062421972534, "alignment_length": 2403, "ref_seq_lenght": 2403, "ref_start_pos": 1, "ref_end_pos": 2403, "query_id": "HE681097.1 Staphylococcus aureus subsp. aureus HO 5096 0412 complete genome", "query_start_pos": 1334790, "query_end_pos": 1337192, "pmids": [], "notes": [], "coverage": 100.0, "key": "grlA;;1;;CP026964.1"}, "grlB;;1;;CP026964.1": {"type": "seq_region", "phenotypes": [], "ref_database": ["PointFinder-3.0.0"], "gene": true, "ref_id": "grlB_1_CP026964.1", "name": "grlB", "ref_acc": "CP026964.1", "identity": 99.64859437751004, "alignment_length": 1992, "ref_seq_lenght": 1992, "ref_start_pos": 1, "ref_end_pos": 1992, "query_id": "HE681097.1 Staphylococcus aureus subsp. aureus HO 5096 0412 complete genome", "query_start_pos": 1332799, "query_end_pos": 1334790, "pmids": [], "notes": [], "coverage": 100.0, "key": "grlB;;1;;CP026964.1"}, "gyrA;;1;;CP031265.1": {"type": "seq_region", "phenotypes": [], "ref_database": ["PointFinder-3.0.0"], "gene": true, "ref_id": "gyrA_1_CP031265.1", "name": "gyrA", "ref_acc": "CP031265.1", "identity": 99.47368421052632, "alignment_length": 2660, "ref_seq_lenght": 2664, "ref_start_pos": 1, "ref_end_pos": 2660, "query_id": "HE681097.1 Staphylococcus aureus subsp. aureus HO 5096 0412 complete genome", "query_start_pos": 7005, "query_end_pos": 9664, "pmids": [], "notes": [], "coverage": 99.84984984984985, "key": "gyrA;;1;;CP031265.1"}, "ileS;;1;;CP047851.1": {"type": "seq_region", "phenotypes": [], "ref_database": ["PointFinder-3.0.0"], "gene": true, "ref_id": "ileS_1_CP047851.1", "name": "ileS", "ref_acc": "CP047851.1", "identity": 99.01960784313727, "alignment_length": 2754, "ref_seq_lenght": 2754, "ref_start_pos": 1, "ref_end_pos": 2754, "query_id": "HE681097.1 Staphylococcus aureus subsp. aureus HO 5096 0412 complete genome", "query_start_pos": 1140294, "query_end_pos": 1143047, "pmids": [], "notes": [], "coverage": 100.0, "key": "ileS;;1;;CP047851.1"}, "pbp2;;1;;L25426.1": {"type": "seq_region", "phenotypes": [], "ref_database": ["PointFinder-3.0.0"], "gene": true, "ref_id": "pbp2_1_L25426.1", "name": "pbp2", "ref_acc": "L25426.1", "identity": 99.13003663003663, "alignment_length": 2184, "ref_seq_lenght": 2184, "ref_start_pos": 1, "ref_end_pos": 2184, "query_id": "HE681097.1 Staphylococcus aureus subsp. aureus HO 5096 0412 complete genome", "query_start_pos": 1479007, "query_end_pos": 1481190, "pmids": [], "notes": [], "coverage": 100.0, "key": "pbp2;;1;;L25426.1"}, "pbp4-promoter;;1;;CP073012.1": {"type": "seq_region", "phenotypes": [], "ref_database": ["PointFinder-3.0.0"], "gene": true, "ref_id": "pbp4-promoter_1_CP073012.1", "name": "pbp4-promoter", "ref_acc": "CP073012.1", "identity": 97.20812182741116, "alignment_length": 394, "ref_seq_lenght": 394, "ref_start_pos": 1, "ref_end_pos": 394, "query_id": "HE681097.1 Staphylococcus aureus subsp. aureus HO 5096 0412 complete genome", "query_start_pos": 664391, "query_end_pos": 664784, "pmids": [], "notes": [], "coverage": 100.0, "key": "pbp4-promoter;;1;;CP073012.1"}, "pbp4;;1;;X91786.1": {"type": "seq_region", "phenotypes": [], "ref_database": ["PointFinder-3.0.0"], "gene": true, "ref_id": "pbp4_1_X91786.1", "name": "pbp4", "ref_acc": "X91786.1", "identity": 98.91975308641975, "alignment_length": 1296, "ref_seq_lenght": 1296, "ref_start_pos": 1, "ref_end_pos": 1296, "query_id": "HE681097.1 Staphylococcus aureus subsp. aureus HO 5096 0412 complete genome", "query_start_pos": 663185, "query_end_pos": 664480, "pmids": [], "notes": [], "coverage": 100.0, "key": "pbp4;;1;;X91786.1"}, "rpoB;;1;;AP020316.1": {"type": "seq_region", "phenotypes": [], "ref_database": ["PointFinder-3.0.0"], "gene": true, "ref_id": "rpoB_1_AP020316.1", "name": "rpoB", "ref_acc": "AP020316.1", "identity": 99.69031531531532, "alignment_length": 3552, "ref_seq_lenght": 3552, "ref_start_pos": 1, "ref_end_pos": 3552, "query_id": "HE681097.1 Staphylococcus aureus subsp. aureus HO 5096 0412 complete genome", "query_start_pos": 553486, "query_end_pos": 557037, "pmids": [], "notes": [], "coverage": 100.0, "key": "rpoB;;1;;AP020316.1"}}, "seq_variations": {"grlA;;1;;CP026964.1;;80;;f": {"type": "seq_variation", "ref_database": "PointFinder-3.0.0", "seq_regions": ["grlA;;1;;CP026964.1"], "phenotypes": ["ciprofloxacin"], "seq_var": "p.S80F", "ref_codon": "tcc", "var_codon": "ttc", "codon_change": "tcc>ttc", "nuc_change": "f", "ref_aa": "s", "var_aa": "f", "ref_start_pos": 80, "ref_end_pos": 80, "substitution": true, "deletion": false, "insertion": false, "ref_id": "grlA;;1;;CP026964.1_80_f", "key": "grlA;;1;;CP026964.1;;80;;f", "pmids": ["15848290", "9511037"], "notes": [""]}, "gyrA;;1;;CP031265.1;;84;;l": {"type": "seq_variation", "ref_database": "PointFinder-3.0.0", "seq_regions": ["gyrA;;1;;CP031265.1"], "phenotypes": ["ciprofloxacin"], "seq_var": "p.S84L", "ref_codon": "tca", "var_codon": "tta", "codon_change": "tca>tta", "nuc_change": "l", "ref_aa": "s", "var_aa": "l", "ref_start_pos": 84, "ref_end_pos": 84, "substitution": true, "deletion": false, "insertion": false, "ref_id": "gyrA;;1;;CP031265.1_84_l", "key": "gyrA;;1;;CP031265.1;;84;;l", "pmids": ["2174869", "7902228"], "notes": [""]}}, "phenotypes": {"gentamicin": {"type": "phenotype", "amr_classes": ["aminoglycoside"], "seq_regions": [], "seq_variations": [], "ref_database": [], "category": "amr", "key": "gentamicin", "amr_resistance": "gentamicin", "amr_resistant": false, "amr_species_relevant": true}, "tobramycin": {"type": "phenotype", "amr_classes": ["aminoglycoside"], "seq_regions": [], "seq_variations": [], "ref_database": [], "category": "amr", "key": "tobramycin", "amr_resistance": "tobramycin", "amr_resistant": false, "amr_species_relevant": true}, "streptomycin": {"type": "phenotype", "amr_classes": ["aminoglycoside"], "seq_regions": [], "seq_variations": [], "ref_database": [], "category": "amr", "key": "streptomycin", "amr_resistance": "streptomycin", "amr_resistant": false, "amr_species_relevant": false}, "amikacin": {"type": "phenotype", "amr_classes": ["aminoglycoside"], "seq_regions": [], "seq_variations": [], "ref_database": [], "category": "amr", "key": "amikacin", "amr_resistance": "amikacin", "amr_resistant": false, "amr_species_relevant": true}, "isepamicin": {"type": "phenotype", "amr_classes": ["aminoglycoside"], "seq_regions": [], "seq_variations": [], "ref_database": [], "category": "amr", "key": "isepamicin", "amr_resistance": "isepamicin", "amr_resistant": false, "amr_species_relevant": false}, "dibekacin": {"type": "phenotype", "amr_classes": ["aminoglycoside"], "seq_regions": [], "seq_variations": [], "ref_database": [], "category": "amr", "key": "dibekacin", "amr_resistance": "dibekacin", "amr_resistant": false, "amr_species_relevant": false}, "kanamycin": {"type": "phenotype", "amr_classes": ["aminoglycoside"], "seq_regions": [], "seq_variations": [], "ref_database": [], "category": "amr", "key": "kanamycin", "amr_resistance": "kanamycin", "amr_resistant": false, "amr_species_relevant": false}, "neomycin": {"type": "phenotype", "amr_classes": ["aminoglycoside"], "seq_regions": [], "seq_variations": [], "ref_database": [], "category": "amr", "key": "neomycin", "amr_resistance": "neomycin", "amr_resistant": false, "amr_species_relevant": false}, "lividomycin": {"type": "phenotype", "amr_classes": ["aminoglycoside"], "seq_regions": [], "seq_variations": [], "ref_database": [], "category": "amr", "key": "lividomycin", "amr_resistance": "lividomycin", "amr_resistant": false, "amr_species_relevant": false}, "paromomycin": {"type": "phenotype", "amr_classes": ["aminoglycoside"], "seq_regions": [], "seq_variations": [], "ref_database": [], "category": "amr", "key": "paromomycin", "amr_resistance": "paromomycin", "amr_resistant": false, "amr_species_relevant": false}, "ribostamycin": {"type": "phenotype", "amr_classes": ["aminoglycoside"], "seq_regions": [], "seq_variations": [], "ref_database": [], "category": "amr", "key": "ribostamycin", "amr_resistance": "ribostamycin", "amr_resistant": false, "amr_species_relevant": false}, "unknown aminoglycoside": {"type": "phenotype", "amr_classes": ["aminoglycoside"], "seq_regions": [], "seq_variations": [], "ref_database": [], "category": "amr", "key": "unknown aminoglycoside", "amr_resistance": "unknown aminoglycoside", "amr_resistant": false, "amr_species_relevant": false}, "butiromycin": {"type": "phenotype", "amr_classes": ["aminoglycoside"], "seq_regions": [], "seq_variations": [], "ref_database": [], "category": "amr", "key": "butiromycin", "amr_resistance": "butiromycin", "amr_resistant": false, "amr_species_relevant": false}, "butirosin": {"type": "phenotype", "amr_classes": ["aminoglycoside"], "seq_regions": [], "seq_variations": [], "ref_database": [], "category": "amr", "key": "butirosin", "amr_resistance": "butirosin", "amr_resistant": false, "amr_species_relevant": false}, "hygromycin": {"type": "phenotype", "amr_classes": ["aminoglycoside"], "seq_regions": [], "seq_variations": [], "ref_database": [], "category": "amr", "key": "hygromycin", "amr_resistance": "hygromycin", "amr_resistant": false, "amr_species_relevant": false}, "netilmicin": {"type": "phenotype", "amr_classes": ["aminoglycoside"], "seq_regions": [], "seq_variations": [], "ref_database": [], "category": "amr", "key": "netilmicin", "amr_resistance": "netilmicin", "amr_resistant": false, "amr_species_relevant": false}, "apramycin": {"type": "phenotype", "amr_classes": ["aminoglycoside"], "seq_regions": [], "seq_variations": [], "ref_database": [], "category": "amr", "key": "apramycin", "amr_resistance": "apramycin", "amr_resistant": false, "amr_species_relevant": false}, "sisomicin": {"type": "phenotype", "amr_classes": ["aminoglycoside"], "seq_regions": [], "seq_variations": [], "ref_database": [], "category": "amr", "key": "sisomicin", "amr_resistance": "sisomicin", "amr_resistant": false, "amr_species_relevant": false}, "arbekacin": {"type": "phenotype", "amr_classes": ["aminoglycoside"], "seq_regions": [], "seq_variations": [], "ref_database": [], "category": "amr", "key": "arbekacin", "amr_resistance": "arbekacin", "amr_resistant": false, "amr_species_relevant": false}, "kasugamycin": {"type": "phenotype", "amr_classes": ["aminoglycoside"], "seq_regions": [], "seq_variations": [], "ref_database": [], "category": "amr", "key": "kasugamycin", "amr_resistance": "kasugamycin", "amr_resistant": false, "amr_species_relevant": false}, "astromicin": {"type": "phenotype", "amr_classes": ["aminoglycoside"], "seq_regions": [], "seq_variations": [], "ref_database": [], "category": "amr", "key": "astromicin", "amr_resistance": "astromicin", "amr_resistant": false, "amr_species_relevant": false}, "fortimicin": {"type": "phenotype", "amr_classes": ["aminoglycoside"], "seq_regions": [], "seq_variations": [], "ref_database": [], "category": "amr", "key": "fortimicin", "amr_resistance": "fortimicin", "amr_resistant": false, "amr_species_relevant": false}, "spectinomycin": {"type": "phenotype", "amr_classes": ["aminocyclitol"], "seq_regions": [], "seq_variations": [], "ref_database": [], "category": "amr", "key": "spectinomycin", "amr_resistance": "spectinomycin", "amr_resistant": false, "amr_species_relevant": false}, "fluoroquinolone": {"type": "phenotype", "amr_classes": ["quinolone"], "seq_regions": [], "seq_variations": [], "ref_database": [], "category": "amr", "key": "fluoroquinolone", "amr_resistance": "fluoroquinolone", "amr_resistant": false, "amr_species_relevant": false}, "ciprofloxacin": {"type": "phenotype", "amr_classes": ["quinolone"], "seq_regions": [], "seq_variations": ["grlA;;1;;CP026964.1;;80;;f", "gyrA;;1;;CP031265.1;;84;;l"], "ref_database": ["PointFinder-3.0.0"], "category": "amr", "key": "ciprofloxacin", "amr_resistance": "ciprofloxacin", "amr_resistant": true, "amr_species_relevant": true}, "unknown quinolone": {"type": "phenotype", "amr_classes": ["quinolone"], "seq_regions": [], "seq_variations": [], "ref_database": [], "category": "amr", "key": "unknown quinolone", "amr_resistance": "unknown quinolone", "amr_resistant": false, "amr_species_relevant": false}, "nalidixic acid": {"type": "phenotype", "amr_classes": ["quinolone"], "seq_regions": [], "seq_variations": [], "ref_database": [], "category": "amr", "key": "nalidixic acid", "amr_resistance": "nalidixic acid", "amr_resistant": false, "amr_species_relevant": false}, "amoxicillin": {"type": "phenotype", "amr_classes": ["beta-lactam"], "seq_regions": ["mecA;;2;;NC_002951", "blaZ;;138;;CP003979"], "seq_variations": [], "ref_database": ["ResFinder-2.0.1"], "category": "amr", "key": "amoxicillin", "amr_resistance": "amoxicillin", "amr_resistant": true, "amr_species_relevant": false}, "amoxicillin+clavulanic acid": {"type": "phenotype", "amr_classes": ["beta-lactam"], "seq_regions": ["mecA;;2;;NC_002951"], "seq_variations": [], "ref_database": ["ResFinder-2.0.1"], "category": "amr", "key": "amoxicillin+clavulanic acid", "amr_resistance": "amoxicillin+clavulanic acid", "amr_resistant": true, "amr_species_relevant": false}, "ampicillin": {"type": "phenotype", "amr_classes": ["beta-lactam"], "seq_regions": ["mecA;;2;;NC_002951", "blaZ;;138;;CP003979"], "seq_variations": [], "ref_database": ["ResFinder-2.0.1"], "category": "amr", "key": "ampicillin", "amr_resistance": "ampicillin", "amr_resistant": true, "amr_species_relevant": false}, "ampicillin+clavulanic acid": {"type": "phenotype", "amr_classes": ["beta-lactam"], "seq_regions": ["mecA;;2;;NC_002951"], "seq_variations": [], "ref_database": ["ResFinder-2.0.1"], "category": "amr", "key": "ampicillin+clavulanic acid", "amr_resistance": "ampicillin+clavulanic acid", "amr_resistant": true, "amr_species_relevant": false}, "cefepime": {"type": "phenotype", "amr_classes": ["beta-lactam"], "seq_regions": ["mecA;;2;;NC_002951"], "seq_variations": [], "ref_database": ["ResFinder-2.0.1"], "category": "amr", "key": "cefepime", "amr_resistance": "cefepime", "amr_resistant": true, "amr_species_relevant": false}, "cefixime": {"type": "phenotype", "amr_classes": ["beta-lactam"], "seq_regions": ["mecA;;2;;NC_002951"], "seq_variations": [], "ref_database": ["ResFinder-2.0.1"], "category": "amr", "key": "cefixime", "amr_resistance": "cefixime", "amr_resistant": true, "amr_species_relevant": false}, "cefotaxime": {"type": "phenotype", "amr_classes": ["beta-lactam"], "seq_regions": ["mecA;;2;;NC_002951"], "seq_variations": [], "ref_database": ["ResFinder-2.0.1"], "category": "amr", "key": "cefotaxime", "amr_resistance": "cefotaxime", "amr_resistant": true, "amr_species_relevant": false}, "cefoxitin": {"type": "phenotype", "amr_classes": ["beta-lactam"], "seq_regions": ["mecA;;2;;NC_002951"], "seq_variations": [], "ref_database": ["ResFinder-2.0.1"], "category": "amr", "key": "cefoxitin", "amr_resistance": "cefoxitin", "amr_resistant": true, "amr_species_relevant": true}, "ceftazidime": {"type": "phenotype", "amr_classes": ["beta-lactam"], "seq_regions": ["mecA;;2;;NC_002951"], "seq_variations": [], "ref_database": ["ResFinder-2.0.1"], "category": "amr", "key": "ceftazidime", "amr_resistance": "ceftazidime", "amr_resistant": true, "amr_species_relevant": false}, "ertapenem": {"type": "phenotype", "amr_classes": ["beta-lactam"], "seq_regions": ["mecA;;2;;NC_002951"], "seq_variations": [], "ref_database": ["ResFinder-2.0.1"], "category": "amr", "key": "ertapenem", "amr_resistance": "ertapenem", "amr_resistant": true, "amr_species_relevant": false}, "imipenem": {"type": "phenotype", "amr_classes": ["beta-lactam"], "seq_regions": ["mecA;;2;;NC_002951"], "seq_variations": [], "ref_database": ["ResFinder-2.0.1"], "category": "amr", "key": "imipenem", "amr_resistance": "imipenem", "amr_resistant": true, "amr_species_relevant": false}, "meropenem": {"type": "phenotype", "amr_classes": ["beta-lactam"], "seq_regions": ["mecA;;2;;NC_002951"], "seq_variations": [], "ref_database": ["ResFinder-2.0.1"], "category": "amr", "key": "meropenem", "amr_resistance": "meropenem", "amr_resistant": true, "amr_species_relevant": false}, "piperacillin": {"type": "phenotype", "amr_classes": ["beta-lactam"], "seq_regions": ["mecA;;2;;NC_002951", "blaZ;;138;;CP003979"], "seq_variations": [], "ref_database": ["ResFinder-2.0.1"], "category": "amr", "key": "piperacillin", "amr_resistance": "piperacillin", "amr_resistant": true, "amr_species_relevant": false}, "piperacillin+tazobactam": {"type": "phenotype", "amr_classes": ["beta-lactam"], "seq_regions": ["mecA;;2;;NC_002951"], "seq_variations": [], "ref_database": ["ResFinder-2.0.1"], "category": "amr", "key": "piperacillin+tazobactam", "amr_resistance": "piperacillin+tazobactam", "amr_resistant": true, "amr_species_relevant": false}, "unknown beta-lactam": {"type": "phenotype", "amr_classes": ["beta-lactam"], "seq_regions": [], "seq_variations": [], "ref_database": [], "category": "amr", "key": "unknown beta-lactam", "amr_resistance": "unknown beta-lactam", "amr_resistant": false, "amr_species_relevant": false}, "aztreonam": {"type": "phenotype", "amr_classes": ["beta-lactam"], "seq_regions": [], "seq_variations": [], "ref_database": [], "category": "amr", "key": "aztreonam", "amr_resistance": "aztreonam", "amr_resistant": false, "amr_species_relevant": false}, "cefotaxime+clavulanic acid": {"type": "phenotype", "amr_classes": ["beta-lactam"], "seq_regions": [], "seq_variations": [], "ref_database": [], "category": "amr", "key": "cefotaxime+clavulanic acid", "amr_resistance": "cefotaxime+clavulanic acid", "amr_resistant": false, "amr_species_relevant": false}, "temocillin": {"type": "phenotype", "amr_classes": ["beta-lactam"], "seq_regions": [], "seq_variations": [], "ref_database": [], "category": "amr", "key": "temocillin", "amr_resistance": "temocillin", "amr_resistant": false, "amr_species_relevant": false}, "ticarcillin": {"type": "phenotype", "amr_classes": ["beta-lactam"], "seq_regions": [], "seq_variations": [], "ref_database": [], "category": "amr", "key": "ticarcillin", "amr_resistance": "ticarcillin", "amr_resistant": false, "amr_species_relevant": false}, "ceftazidime+avibactam": {"type": "phenotype", "amr_classes": ["beta-lactam"], "seq_regions": [], "seq_variations": [], "ref_database": [], "category": "amr", "key": "ceftazidime+avibactam", "amr_resistance": "ceftazidime+avibactam", "amr_resistant": false, "amr_species_relevant": false}, "penicillin": {"type": "phenotype", "amr_classes": ["beta-lactam"], "seq_regions": ["blaZ;;138;;CP003979"], "seq_variations": [], "ref_database": ["ResFinder-2.0.1"], "category": "amr", "key": "penicillin", "amr_resistance": "penicillin", "amr_resistant": true, "amr_species_relevant": true}, "ceftriaxone": {"type": "phenotype", "amr_classes": ["beta-lactam"], "seq_regions": [], "seq_variations": [], "ref_database": [], "category": "amr", "key": "ceftriaxone", "amr_resistance": "ceftriaxone", "amr_resistant": false, "amr_species_relevant": false}, "ticarcillin+clavulanic acid": {"type": "phenotype", "amr_classes": ["beta-lactam"], "seq_regions": [], "seq_variations": [], "ref_database": [], "category": "amr", "key": "ticarcillin+clavulanic acid", "amr_resistance": "ticarcillin+clavulanic acid", "amr_resistant": false, "amr_species_relevant": false}, "cephalothin": {"type": "phenotype", "amr_classes": ["beta-lactam"], "seq_regions": [], "seq_variations": [], "ref_database": [], "category": "amr", "key": "cephalothin", "amr_resistance": "cephalothin", "amr_resistant": false, "amr_species_relevant": false}, "cephalotin": {"type": "phenotype", "amr_classes": ["beta-lactam"], "seq_regions": [], "seq_variations": [], "ref_database": [], "category": "amr", "key": "cephalotin", "amr_resistance": "cephalotin", "amr_resistant": false, "amr_species_relevant": false}, "piperacillin+clavulanic acid": {"type": "phenotype", "amr_classes": ["beta-lactam"], "seq_regions": [], "seq_variations": [], "ref_database": [], "category": "amr", "key": "piperacillin+clavulanic acid", "amr_resistance": "piperacillin+clavulanic acid", "amr_resistant": false, "amr_species_relevant": false}, "cefazolin": {"type": "phenotype", "amr_classes": ["beta-lactam"], "seq_regions": [], "seq_variations": [], "ref_database": [], "category": "amr", "key": "cefazolin", "amr_resistance": "cefazolin", "amr_resistant": false, "amr_species_relevant": false}, "ceftaroline": {"type": "phenotype", "amr_classes": ["beta-lactam"], "seq_regions": [], "seq_variations": [], "ref_database": [], "category": "amr", "key": "ceftaroline", "amr_resistance": "ceftaroline", "amr_resistant": false, "amr_species_relevant": false}, "ceftiofur": {"type": "phenotype", "amr_classes": ["under_development"], "seq_regions": [], "seq_variations": [], "ref_database": [], "category": "amr", "key": "ceftiofur", "amr_resistance": "ceftiofur", "amr_resistant": false, "amr_species_relevant": false}, "sulfamethoxazole": {"type": "phenotype", "amr_classes": ["folate pathway antagonist"], "seq_regions": [], "seq_variations": [], "ref_database": [], "category": "amr", "key": "sulfamethoxazole", "amr_resistance": "sulfamethoxazole", "amr_resistant": false, "amr_species_relevant": true}, "trimethoprim": {"type": "phenotype", "amr_classes": ["folate pathway antagonist"], "seq_regions": [], "seq_variations": [], "ref_database": [], "category": "amr", "key": "trimethoprim", "amr_resistance": "trimethoprim", "amr_resistant": false, "amr_species_relevant": true}, "fosfomycin": {"type": "phenotype", "amr_classes": ["fosfomycin"], "seq_regions": [], "seq_variations": [], "ref_database": [], "category": "amr", "key": "fosfomycin", "amr_resistance": "fosfomycin", "amr_resistant": false, "amr_species_relevant": true}, "vancomycin": {"type": "phenotype", "amr_classes": ["glycopeptide"], "seq_regions": [], "seq_variations": [], "ref_database": [], "category": "amr", "key": "vancomycin", "amr_resistance": "vancomycin", "amr_resistant": false, "amr_species_relevant": true}, "teicoplanin": {"type": "phenotype", "amr_classes": ["glycopeptide"], "seq_regions": [], "seq_variations": [], "ref_database": [], "category": "amr", "key": "teicoplanin", "amr_resistance": "teicoplanin", "amr_resistant": false, "amr_species_relevant": true}, "bleomycin": {"type": "phenotype", "amr_classes": ["glycopeptide"], "seq_regions": [], "seq_variations": [], "ref_database": [], "category": "amr", "key": "bleomycin", "amr_resistance": "bleomycin", "amr_resistant": false, "amr_species_relevant": false}, "lincomycin": {"type": "phenotype", "amr_classes": ["lincosamide"], "seq_regions": [], "seq_variations": [], "ref_database": [], "category": "amr", "key": "lincomycin", "amr_resistance": "lincomycin", "amr_resistant": false, "amr_species_relevant": false}, "clindamycin": {"type": "phenotype", "amr_classes": ["lincosamide"], "seq_regions": [], "seq_variations": [], "ref_database": [], "category": "amr", "key": "clindamycin", "amr_resistance": "clindamycin", "amr_resistant": false, "amr_species_relevant": true}, "dalfopristin": {"type": "phenotype", "amr_classes": ["streptogramin a"], "seq_regions": [], "seq_variations": [], "ref_database": [], "category": "amr", "key": "dalfopristin", "amr_resistance": "dalfopristin", "amr_resistant": false, "amr_species_relevant": false}, "pristinamycin iia": {"type": "phenotype", "amr_classes": ["streptogramin a"], "seq_regions": [], "seq_variations": [], "ref_database": [], "category": "amr", "key": "pristinamycin iia", "amr_resistance": "pristinamycin iia", "amr_resistant": false, "amr_species_relevant": false}, "virginiamycin m": {"type": "phenotype", "amr_classes": ["streptogramin a"], "seq_regions": [], "seq_variations": [], "ref_database": [], "category": "amr", "key": "virginiamycin m", "amr_resistance": "virginiamycin m", "amr_resistant": false, "amr_species_relevant": false}, "quinupristin+dalfopristin": {"type": "phenotype", "amr_classes": ["streptogramin a"], "seq_regions": [], "seq_variations": [], "ref_database": [], "category": "amr", "key": "quinupristin+dalfopristin", "amr_resistance": "quinupristin+dalfopristin", "amr_resistant": false, "amr_species_relevant": true}, "tiamulin": {"type": "phenotype", "amr_classes": ["pleuromutilin"], "seq_regions": [], "seq_variations": [], "ref_database": [], "category": "amr", "key": "tiamulin", "amr_resistance": "tiamulin", "amr_resistant": false, "amr_species_relevant": true}, "carbomycin": {"type": "phenotype", "amr_classes": ["macrolide"], "seq_regions": [], "seq_variations": [], "ref_database": [], "category": "amr", "key": "carbomycin", "amr_resistance": "carbomycin", "amr_resistant": false, "amr_species_relevant": false}, "erythromycin": {"type": "phenotype", "amr_classes": ["macrolide"], "seq_regions": [], "seq_variations": [], "ref_database": [], "category": "amr", "key": "erythromycin", "amr_resistance": "erythromycin", "amr_resistant": false, "amr_species_relevant": true}, "azithromycin": {"type": "phenotype", "amr_classes": ["macrolide"], "seq_regions": [], "seq_variations": [], "ref_database": [], "category": "amr", "key": "azithromycin", "amr_resistance": "azithromycin", "amr_resistant": false, "amr_species_relevant": false}, "oleandomycin": {"type": "phenotype", "amr_classes": ["macrolide"], "seq_regions": [], "seq_variations": [], "ref_database": [], "category": "amr", "key": "oleandomycin", "amr_resistance": "oleandomycin", "amr_resistant": false, "amr_species_relevant": false}, "spiramycin": {"type": "phenotype", "amr_classes": ["macrolide"], "seq_regions": [], "seq_variations": [], "ref_database": [], "category": "amr", "key": "spiramycin", "amr_resistance": "spiramycin", "amr_resistant": false, "amr_species_relevant": true}, "tylosin": {"type": "phenotype", "amr_classes": ["macrolide"], "seq_regions": [], "seq_variations": [], "ref_database": [], "category": "amr", "key": "tylosin", "amr_resistance": "tylosin", "amr_resistant": false, "amr_species_relevant": false}, "telithromycin": {"type": "phenotype", "amr_classes": ["macrolide"], "seq_regions": [], "seq_variations": [], "ref_database": [], "category": "amr", "key": "telithromycin", "amr_resistance": "telithromycin", "amr_resistant": false, "amr_species_relevant": true}, "tetracycline": {"type": "phenotype", "amr_classes": ["tetracycline"], "seq_regions": [], "seq_variations": [], "ref_database": [], "category": "amr", "key": "tetracycline", "amr_resistance": "tetracycline", "amr_resistant": false, "amr_species_relevant": true}, "doxycycline": {"type": "phenotype", "amr_classes": ["tetracycline"], "seq_regions": [], "seq_variations": [], "ref_database": [], "category": "amr", "key": "doxycycline", "amr_resistance": "doxycycline", "amr_resistant": false, "amr_species_relevant": false}, "minocycline": {"type": "phenotype", "amr_classes": ["tetracycline"], "seq_regions": [], "seq_variations": [], "ref_database": [], "category": "amr", "key": "minocycline", "amr_resistance": "minocycline", "amr_resistant": false, "amr_species_relevant": false}, "tigecycline": {"type": "phenotype", "amr_classes": ["tetracycline"], "seq_regions": [], "seq_variations": [], "ref_database": [], "category": "amr", "key": "tigecycline", "amr_resistance": "tigecycline", "amr_resistant": false, "amr_species_relevant": false}, "quinupristin": {"type": "phenotype", "amr_classes": ["streptogramin b"], "seq_regions": [], "seq_variations": [], "ref_database": [], "category": "amr", "key": "quinupristin", "amr_resistance": "quinupristin", "amr_resistant": false, "amr_species_relevant": false}, "pristinamycin ia": {"type": "phenotype", "amr_classes": ["streptogramin b"], "seq_regions": [], "seq_variations": [], "ref_database": [], "category": "amr", "key": "pristinamycin ia", "amr_resistance": "pristinamycin ia", "amr_resistant": false, "amr_species_relevant": false}, "virginiamycin s": {"type": "phenotype", "amr_classes": ["streptogramin b"], "seq_regions": [], "seq_variations": [], "ref_database": [], "category": "amr", "key": "virginiamycin s", "amr_resistance": "virginiamycin s", "amr_resistant": false, "amr_species_relevant": false}, "linezolid": {"type": "phenotype", "amr_classes": ["oxazolidinone"], "seq_regions": [], "seq_variations": [], "ref_database": [], "category": "amr", "key": "linezolid", "amr_resistance": "linezolid", "amr_resistant": false, "amr_species_relevant": true}, "chloramphenicol": {"type": "phenotype", "amr_classes": ["amphenicol"], "seq_regions": [], "seq_variations": [], "ref_database": [], "category": "amr", "key": "chloramphenicol", "amr_resistance": "chloramphenicol", "amr_resistant": false, "amr_species_relevant": true}, "florfenicol": {"type": "phenotype", "amr_classes": ["amphenicol"], "seq_regions": [], "seq_variations": [], "ref_database": [], "category": "amr", "key": "florfenicol", "amr_resistance": "florfenicol", "amr_resistant": false, "amr_species_relevant": false}, "colistin": {"type": "phenotype", "amr_classes": ["polymyxin"], "seq_regions": [], "seq_variations": [], "ref_database": [], "category": "amr", "key": "colistin", "amr_resistance": "colistin", "amr_resistant": false, "amr_species_relevant": false}, "fusidic acid": {"type": "phenotype", "amr_classes": ["steroid antibacterial"], "seq_regions": [], "seq_variations": [], "ref_database": [], "category": "amr", "key": "fusidic acid", "amr_resistance": "fusidic acid", "amr_resistant": false, "amr_species_relevant": true}, "mupirocin": {"type": "phenotype", "amr_classes": ["pseudomonic acid"], "seq_regions": [], "seq_variations": [], "ref_database": [], "category": "amr", "key": "mupirocin", "amr_resistance": "mupirocin", "amr_resistant": false, "amr_species_relevant": true}, "rifampicin": {"type": "phenotype", "amr_classes": ["rifamycin"], "seq_regions": [], "seq_variations": [], "ref_database": [], "category": "amr", "key": "rifampicin", "amr_resistance": "rifampicin", "amr_resistant": false, "amr_species_relevant": false}, "metronidazole": {"type": "phenotype", "amr_classes": ["nitroimidazole"], "seq_regions": [], "seq_variations": [], "ref_database": [], "category": "amr", "key": "metronidazole", "amr_resistance": "metronidazole", "amr_resistant": false, "amr_species_relevant": false}, "narasin": {"type": "phenotype", "amr_classes": ["ionophores"], "seq_regions": [], "seq_variations": [], "ref_database": [], "category": "amr", "key": "narasin", "amr_resistance": "narasin", "amr_resistant": false, "amr_species_relevant": false}, "salinomycin": {"type": "phenotype", "amr_classes": ["ionophores"], "seq_regions": [], "seq_variations": [], "ref_database": [], "category": "amr", "key": "salinomycin", "amr_resistance": "salinomycin", "amr_resistant": false, "amr_species_relevant": false}, "maduramicin": {"type": "phenotype", "amr_classes": ["ionophores"], "seq_regions": [], "seq_variations": [], "ref_database": [], "category": "amr", "key": "maduramicin", "amr_resistance": "maduramicin", "amr_resistant": false, "amr_species_relevant": false}}, "software_executions": {}, "aln_hits": {}, "software_name": "ResFinder", "software_version": "4.2.4", "software_commit": "unknown", "run_date": "2023-01-18", "key": "ResFinder-4.2.4", "provided_species": "staphylococcus aureus", "result_summary": "CIP_CXI_PEN"}