<?xml version="1.0"?>
<!DOCTYPE BlastOutput PUBLIC "-//NCBI//NCBI BlastOutput/EN" "http://www.ncbi.nlm.nih.gov/dtd/NCBI_BlastOutput.dtd">
<BlastOutput>
  <BlastOutput_program>blastn</BlastOutput_program>
  <BlastOutput_version>BLASTN 2.12.0+</BlastOutput_version>
  <BlastOutput_reference>Zheng Zhang, Scott Schwartz, Lukas Wagner, and Webb Miller (2000), &quot;A greedy algorithm for aligning DNA sequences&quot;, J Comput Biol 2000; 7(1-2):203-14.</BlastOutput_reference>
  <BlastOutput_db></BlastOutput_db>
  <BlastOutput_query-ID>Query_1</BlastOutput_query-ID>
  <BlastOutput_query-def>AL513382.1 Salmonella enterica subsp. enterica serovar Typhi str. CT18, complete chromosome</BlastOutput_query-def>
  <BlastOutput_query-len>4809037</BlastOutput_query-len>
  <BlastOutput_param>
    <Parameters>
      <Parameters_expect>10</Parameters_expect>
      <Parameters_sc-match>1</Parameters_sc-match>
      <Parameters_sc-mismatch>-2</Parameters_sc-mismatch>
      <Parameters_gap-open>0</Parameters_gap-open>
      <Parameters_gap-extend>0</Parameters_gap-extend>
      <Parameters_filter>m;</Parameters_filter>
    </Parameters>
  </BlastOutput_param>
<BlastOutput_iterations>
<Iteration>
  <Iteration_iter-num>1</Iteration_iter-num>
  <Iteration_query-ID>Query_1</Iteration_query-ID>
  <Iteration_query-def>AL513382.1 Salmonella enterica subsp. enterica serovar Typhi str. CT18, complete chromosome</Iteration_query-def>
  <Iteration_query-len>4809037</Iteration_query-len>
<Iteration_hits>
<Hit>
  <Hit_num>1</Hit_num>
  <Hit_id>ole(B)_1_L36601</Hit_id>
  <Hit_def>ole(B)_1_L36601</Hit_def>
  <Hit_accession>Subject_79</Hit_accession>
  <Hit_len>1710</Hit_len>
  <Hit_hsps>
    <Hsp>
      <Hsp_num>1</Hsp_num>
      <Hsp_bit-score>52.8265</Hsp_bit-score>
      <Hsp_score>28</Hsp_score>
      <Hsp_evalue>9.83605e-05</Hsp_evalue>
      <Hsp_query-from>4790043</Hsp_query-from>
      <Hsp_query-to>4790073</Hsp_query-to>
      <Hsp_hit-from>665</Hsp_hit-from>
      <Hsp_hit-to>635</Hsp_hit-to>
      <Hsp_query-frame>1</Hsp_query-frame>
      <Hsp_hit-frame>-1</Hsp_hit-frame>
      <Hsp_identity>30</Hsp_identity>
      <Hsp_positive>30</Hsp_positive>
      <Hsp_gaps>0</Hsp_gaps>
      <Hsp_align-len>31</Hsp_align-len>
      <Hsp_qseq>AGGTGGTTGGTGGGTTCGTCGAGCAGCAGCA</Hsp_qseq>
      <Hsp_hseq>AGGTGGTTGGTGGGTTCGTCGAGCAGCATCA</Hsp_hseq>
      <Hsp_midline>|||||||||||||||||||||||||||| ||</Hsp_midline>
    </Hsp>
  </Hit_hsps>
</Hit>
</Iteration_hits>
  <Iteration_stat>
    <Statistics>
      <Statistics_db-num>0</Statistics_db-num>
      <Statistics_db-len>0</Statistics_db-len>
      <Statistics_hsp-len>29</Statistics_hsp-len>
      <Statistics_eff-space>785556265808</Statistics_eff-space>
      <Statistics_kappa>0.46</Statistics_kappa>
      <Statistics_lambda>1.28</Statistics_lambda>
      <Statistics_entropy>0.85</Statistics_entropy>
    </Statistics>
  </Iteration_stat>
</Iteration>
</BlastOutput_iterations>
</BlastOutput>

