Id	year	month	day	subtype	ST	Country	Region	longitude	latitude	Host	Farm	Host__colour	Farm__shape
Patient_A2	2010	5	12	ED133	130	Denmark	Zealand	11.7214979	55.4632518	human	farmA	#fc8d59	circle
Patient_A1	2010	5	10	ED133	130	Denmark	Zealand	11.7214979	55.4632518	human	farmA	#fc8d59	circle
Cow_A	2011	10		ED133	130	Denmark	Zealand	11.7214979	55.4632518	bovine	farmA	#ffffbf	circle
Patient_B	2011	3	11	ED133	130	Denmark	Zealand	11.7214979	55.4632518	human	farmB	#fc8d59	square
Sheep_B1	2011	10		ED133	130	Denmark	Zealand	11.7214979	55.4632518	sheep	farmB	#91bfdb	square
Sheep_B2	2011	10		ED133	130	Denmark	Zealand	11.7214979	55.4632518	sheep	farmB	#91bfdb	square
Sheep_B3	2011	10		ED133	130	Denmark	Zealand	11.7214979	55.4632518	sheep	farmB	#91bfdb	square
